-- MySQL dump 10.13  Distrib 5.7.31, for Linux (x86_64)
--
-- Host: localhost    Database: unikall
-- ------------------------------------------------------
-- Server version	5.7.31-0ubuntu0.18.04.1

/*!40101 SET @OLD_CHARACTER_SET_CLIENT=@@CHARACTER_SET_CLIENT */;
/*!40101 SET @OLD_CHARACTER_SET_RESULTS=@@CHARACTER_SET_RESULTS */;
/*!40101 SET @OLD_COLLATION_CONNECTION=@@COLLATION_CONNECTION */;
/*!40101 SET NAMES utf8 */;
/*!40103 SET @OLD_TIME_ZONE=@@TIME_ZONE */;
/*!40103 SET TIME_ZONE='+00:00' */;
/*!40014 SET @OLD_UNIQUE_CHECKS=@@UNIQUE_CHECKS, UNIQUE_CHECKS=0 */;
/*!40014 SET @OLD_FOREIGN_KEY_CHECKS=@@FOREIGN_KEY_CHECKS, FOREIGN_KEY_CHECKS=0 */;
/*!40101 SET @OLD_SQL_MODE=@@SQL_MODE, SQL_MODE='NO_AUTO_VALUE_ON_ZERO' */;
/*!40111 SET @OLD_SQL_NOTES=@@SQL_NOTES, SQL_NOTES=0 */;

--
-- Table structure for table `allies`
--

DROP TABLE IF EXISTS `allies`;
/*!40101 SET @saved_cs_client     = @@character_set_client */;
/*!40101 SET character_set_client = utf8 */;
CREATE TABLE `allies` (
  `id` int(10) unsigned NOT NULL AUTO_INCREMENT,
  `business` int(11) DEFAULT NULL,
  `created_at` timestamp NULL DEFAULT CURRENT_TIMESTAMP,
  `updated_at` timestamp NULL DEFAULT CURRENT_TIMESTAMP,
  PRIMARY KEY (`id`)
) ENGINE=InnoDB DEFAULT CHARSET=latin1;
/*!40101 SET character_set_client = @saved_cs_client */;

--
-- Dumping data for table `allies`
--

LOCK TABLES `allies` WRITE;
/*!40000 ALTER TABLE `allies` DISABLE KEYS */;
/*!40000 ALTER TABLE `allies` ENABLE KEYS */;
UNLOCK TABLES;

--
-- Table structure for table `articles`
--

DROP TABLE IF EXISTS `articles`;
/*!40101 SET @saved_cs_client     = @@character_set_client */;
/*!40101 SET character_set_client = utf8 */;
CREATE TABLE `articles` (
  `id` int(10) unsigned NOT NULL AUTO_INCREMENT,
  `title` varchar(255) DEFAULT NULL,
  `content` longtext,
  `published_at` date DEFAULT NULL,
  `created_at` timestamp NULL DEFAULT CURRENT_TIMESTAMP,
  `updated_at` timestamp NULL DEFAULT CURRENT_TIMESTAMP,
  PRIMARY KEY (`id`)
) ENGINE=InnoDB DEFAULT CHARSET=latin1;
/*!40101 SET character_set_client = @saved_cs_client */;

--
-- Dumping data for table `articles`
--

LOCK TABLES `articles` WRITE;
/*!40000 ALTER TABLE `articles` DISABLE KEYS */;
/*!40000 ALTER TABLE `articles` ENABLE KEYS */;
UNLOCK TABLES;

--
-- Table structure for table `blogs`
--

DROP TABLE IF EXISTS `blogs`;
/*!40101 SET @saved_cs_client     = @@character_set_client */;
/*!40101 SET character_set_client = utf8 */;
CREATE TABLE `blogs` (
  `id` int(10) unsigned NOT NULL AUTO_INCREMENT,
  `title` varchar(255) DEFAULT NULL,
  `description` longtext,
  `business` int(11) DEFAULT NULL,
  `created_at` timestamp NULL DEFAULT CURRENT_TIMESTAMP,
  `updated_at` timestamp NULL DEFAULT CURRENT_TIMESTAMP,
  PRIMARY KEY (`id`)
) ENGINE=InnoDB AUTO_INCREMENT=4 DEFAULT CHARSET=latin1;
/*!40101 SET character_set_client = @saved_cs_client */;

--
-- Dumping data for table `blogs`
--

LOCK TABLES `blogs` WRITE;
/*!40000 ALTER TABLE `blogs` DISABLE KEYS */;
INSERT INTO `blogs` VALUES (1,'The 5 Steps to start ecommerce success: what you need to know','Are you looking to expand your sources of income, start (finally) that project that you have had in mind in the last two years, or make a radical change in your life and be self-employed? By starting an e-commerce website you can do it!\n\nKeep reading!\n\nWe know it’s important to you to get off on the right foot, so we wrapped up the 5 steps you need to know if you are starting an online business: \n\n**1. Catchy business name**\nForget the stiff names. Sometimes, people are looking for magic and personality… And a catchy or funny business name can do the job for you. \n\n**2. Don\'t describe your business, tell them how you can help them**\nBesides your brand name, you want to create your tagline. How can you do that? Describe in a few words what can you do for your customers, it should be descriptive enough so that people know how you can help them.\n\nRemember, keep it short and simple!\n\n**3. Know your suppliers**\nCompetition is a good thing since it allows your niche to develop, so you want to be sure that your suppliers are giving you the best prices and quality. Do the research and look for testimonials and request trials before you launch a new product on your e-commerce website.  \n\n**4. Explore trends**\nWithout a doubt, your online business ideas are good, but there are tools that give you the assurance that the products you want to sell are in line with the buying trends of your target audience.\n\nGoogle Trends and Google Keyword Planner give you ideas to diversify your products according to current customer trends. \n\n**5. And last but not least, simplify recurring tasks**\nTaxes and permits payment dates can be easily forgotten, but keeping track of them on a simple tool as Google Calendar free mental space and allow you to focus on the growth strategy of your e-commerce website. \n\nAnd that’s all for now! \n\nWe hope these steps inspire you to start selling online.\n',1,'2020-10-20 23:05:26','2020-10-20 23:05:26'),(2,'The 5 Steps to start ecommerce success: what you need to know','Are you looking to expand your sources of income, start (finally) that project that you have had in mind in the last two years, or make a radical change in your life and be self-employed? By starting an e-commerce website you can do it!\n\nKeep reading!\n\nWe know it’s important to you to get off on the right foot, so we wrapped up the 5 steps you need to know if you are starting an online business: \n\n**1. Catchy business name**\nForget the stiff names. Sometimes, people are looking for magic and personality… And a catchy or funny business name can do the job for you. \n\n**2. Don\'t describe your business, tell them how you can help them**\nBesides your brand name, you want to create your tagline. How can you do that? Describe in a few words what can you do for your customers, it should be descriptive enough so that people know how you can help them.\n\nRemember, keep it short and simple!\n\n**3. Know your suppliers**\nCompetition is a good thing since it allows your niche to develop, so you want to be sure that your suppliers are giving you the best prices and quality. Do the research and look for testimonials and request trials before you launch a new product on your e-commerce website.  \n\n**4. Explore trends**\nWithout a doubt, your online business ideas are good, but there are tools that give you the assurance that the products you want to sell are in line with the buying trends of your target audience.\n\nGoogle Trends and Google Keyword Planner give you ideas to diversify your products according to current customer trends. \n\n**5. And last but not least, simplify recurring tasks**\nTaxes and permits payment dates can be easily forgotten, but keeping track of them on a simple tool as Google Calendar free mental space and allow you to focus on the growth strategy of your e-commerce website. \n\nAnd that’s all for now! \n\nWe hope these steps inspire you to start selling online.\n',2,'2020-10-24 00:09:11','2020-10-24 00:09:11'),(3,'Post de Prueba ','Hola mundo',2,'2020-10-24 00:09:38','2020-10-24 00:09:38');
/*!40000 ALTER TABLE `blogs` ENABLE KEYS */;
UNLOCK TABLES;

--
-- Table structure for table `business_services`
--

DROP TABLE IF EXISTS `business_services`;
/*!40101 SET @saved_cs_client     = @@character_set_client */;
/*!40101 SET character_set_client = utf8 */;
CREATE TABLE `business_services` (
  `id` int(10) unsigned NOT NULL AUTO_INCREMENT,
  `icon` varchar(255) DEFAULT NULL,
  `title` varchar(255) DEFAULT NULL,
  `description` longtext,
  `business` int(11) DEFAULT NULL,
  `created_at` timestamp NULL DEFAULT CURRENT_TIMESTAMP,
  `updated_at` timestamp NULL DEFAULT CURRENT_TIMESTAMP,
  PRIMARY KEY (`id`)
) ENGINE=InnoDB AUTO_INCREMENT=4 DEFAULT CHARSET=latin1;
/*!40101 SET character_set_client = @saved_cs_client */;

--
-- Dumping data for table `business_services`
--

LOCK TABLES `business_services` WRITE;
/*!40000 ALTER TABLE `business_services` DISABLE KEYS */;
INSERT INTO `business_services` VALUES (1,NULL,'servicio 13','prueba de servicio 13',NULL,'2020-10-05 22:07:38','2020-10-07 02:40:48'),(2,NULL,'SERVICIO DE PRUEBA','ESTES DAFAD DAFDSF SDFA DFADFADF A FADF ',1,'2020-10-20 23:25:54','2020-10-20 23:25:54'),(3,NULL,'Servicio de prueba','El Lorem Ipsum fue concebido como un texto de relleno, formateado de una cierta manera para permitir la presentación de elementos gráficos en documentos, sin necesidad de una copia formal. El uso de Lorem Ipsum permite a los diseñadores reunir los diseños y la forma del contenido antes de que el contenido se haya creado, dando al diseño y al proceso de producción más libertad.',2,'2020-10-24 00:11:09','2020-10-24 00:11:09');
/*!40000 ALTER TABLE `business_services` ENABLE KEYS */;
UNLOCK TABLES;

--
-- Table structure for table `businesses`
--

DROP TABLE IF EXISTS `businesses`;
/*!40101 SET @saved_cs_client     = @@character_set_client */;
/*!40101 SET character_set_client = utf8 */;
CREATE TABLE `businesses` (
  `id` int(10) unsigned NOT NULL AUTO_INCREMENT,
  `name` varchar(255) DEFAULT NULL,
  `tagline` varchar(255) DEFAULT NULL,
  `description` longtext,
  `address` varchar(255) DEFAULT NULL,
  `created_at` timestamp NULL DEFAULT CURRENT_TIMESTAMP,
  `updated_at` timestamp NULL DEFAULT CURRENT_TIMESTAMP,
  `user` int(11) DEFAULT NULL,
  `email` varchar(255) DEFAULT NULL,
  `phone` varchar(255) DEFAULT NULL,
  `address1` varchar(255) DEFAULT NULL,
  `address2` varchar(255) DEFAULT NULL,
  `city` varchar(255) DEFAULT NULL,
  `country` varchar(255) DEFAULT NULL,
  `state` varchar(255) DEFAULT NULL,
  `zip` decimal(10,2) DEFAULT NULL,
  `product` int(11) DEFAULT NULL,
  `ally` int(11) DEFAULT NULL,
  `latitude` double DEFAULT NULL,
  `longitude` double DEFAULT NULL,
  `position` varchar(255) DEFAULT NULL,
  `business_position` varchar(255) DEFAULT NULL,
  PRIMARY KEY (`id`)
) ENGINE=InnoDB AUTO_INCREMENT=3 DEFAULT CHARSET=latin1;
/*!40101 SET character_set_client = @saved_cs_client */;

--
-- Dumping data for table `businesses`
--

LOCK TABLES `businesses` WRITE;
/*!40000 ALTER TABLE `businesses` DISABLE KEYS */;
INSERT INTO `businesses` VALUES (1,'veterinaria perrito','Shop for excellent quality products from where you are! We bring the store to you.','esta es una descripcion corta de mi trabajo de lo que hago. prueba',NULL,'2020-10-08 18:53:33','2020-10-10 00:45:58',1,'test@server.com','1231231234','Esta es la dirección 1','Esta es la dirección 2','San Cristobal','Canada','Tachira',5001.00,NULL,NULL,7.792230399999999,-72.2108416,NULL,'Emergency Doctor'),(2,'Empresa de prueba','Tagline preview de prueba','esta es una prueba',NULL,'2020-10-24 00:05:03','2020-10-24 00:12:40',2,'test@server.com','1231231234','Addresss goes here 1','Addresss goes here 2','cucuta','Colombia','Norte de santander',5001.00,NULL,NULL,7.824998399999999,-72.2108416,NULL,NULL);
/*!40000 ALTER TABLE `businesses` ENABLE KEYS */;
UNLOCK TABLES;

--
-- Table structure for table `businesses__allies`
--

DROP TABLE IF EXISTS `businesses__allies`;
/*!40101 SET @saved_cs_client     = @@character_set_client */;
/*!40101 SET character_set_client = utf8 */;
CREATE TABLE `businesses__allies` (
  `id` int(10) unsigned NOT NULL AUTO_INCREMENT,
  `business_id` int(11) DEFAULT NULL,
  `ally_id` int(11) DEFAULT NULL,
  PRIMARY KEY (`id`)
) ENGINE=InnoDB DEFAULT CHARSET=latin1;
/*!40101 SET character_set_client = @saved_cs_client */;

--
-- Dumping data for table `businesses__allies`
--

LOCK TABLES `businesses__allies` WRITE;
/*!40000 ALTER TABLE `businesses__allies` DISABLE KEYS */;
/*!40000 ALTER TABLE `businesses__allies` ENABLE KEYS */;
UNLOCK TABLES;

--
-- Table structure for table `businesses__business_services`
--

DROP TABLE IF EXISTS `businesses__business_services`;
/*!40101 SET @saved_cs_client     = @@character_set_client */;
/*!40101 SET character_set_client = utf8 */;
CREATE TABLE `businesses__business_services` (
  `id` int(10) unsigned NOT NULL AUTO_INCREMENT,
  `business_id` int(11) DEFAULT NULL,
  `business-service_id` int(11) DEFAULT NULL,
  PRIMARY KEY (`id`)
) ENGINE=InnoDB DEFAULT CHARSET=latin1;
/*!40101 SET character_set_client = @saved_cs_client */;

--
-- Dumping data for table `businesses__business_services`
--

LOCK TABLES `businesses__business_services` WRITE;
/*!40000 ALTER TABLE `businesses__business_services` DISABLE KEYS */;
/*!40000 ALTER TABLE `businesses__business_services` ENABLE KEYS */;
UNLOCK TABLES;

--
-- Table structure for table `businesses__top_banners`
--

DROP TABLE IF EXISTS `businesses__top_banners`;
/*!40101 SET @saved_cs_client     = @@character_set_client */;
/*!40101 SET character_set_client = utf8 */;
CREATE TABLE `businesses__top_banners` (
  `id` int(10) unsigned NOT NULL AUTO_INCREMENT,
  `business_id` int(11) DEFAULT NULL,
  `top-banner_id` int(11) DEFAULT NULL,
  PRIMARY KEY (`id`)
) ENGINE=InnoDB DEFAULT CHARSET=latin1;
/*!40101 SET character_set_client = @saved_cs_client */;

--
-- Dumping data for table `businesses__top_banners`
--

LOCK TABLES `businesses__top_banners` WRITE;
/*!40000 ALTER TABLE `businesses__top_banners` DISABLE KEYS */;
/*!40000 ALTER TABLE `businesses__top_banners` ENABLE KEYS */;
UNLOCK TABLES;

--
-- Table structure for table `categories`
--

DROP TABLE IF EXISTS `categories`;
/*!40101 SET @saved_cs_client     = @@character_set_client */;
/*!40101 SET character_set_client = utf8 */;
CREATE TABLE `categories` (
  `id` int(10) unsigned NOT NULL AUTO_INCREMENT,
  `name` varchar(255) DEFAULT NULL,
  `created_at` timestamp NULL DEFAULT CURRENT_TIMESTAMP,
  `updated_at` timestamp NULL DEFAULT CURRENT_TIMESTAMP,
  `icon` varchar(255) DEFAULT NULL,
  `product_subcategry` int(11) DEFAULT NULL,
  `subcategory` int(11) DEFAULT NULL,
  `description` varchar(255) DEFAULT NULL,
  PRIMARY KEY (`id`)
) ENGINE=InnoDB AUTO_INCREMENT=12 DEFAULT CHARSET=latin1;
/*!40101 SET character_set_client = @saved_cs_client */;

--
-- Dumping data for table `categories`
--

LOCK TABLES `categories` WRITE;
/*!40000 ALTER TABLE `categories` DISABLE KEYS */;
INSERT INTO `categories` VALUES (3,'E-commerce','2020-09-24 21:24:18','2020-09-24 21:24:18',NULL,NULL,NULL,NULL),(4,'Events','2020-09-24 21:25:54','2020-09-24 21:25:54',NULL,NULL,NULL,NULL),(5,'Construction','2020-09-24 21:27:12','2020-09-24 21:45:54',NULL,NULL,NULL,NULL),(6,'Lessons','2020-09-24 21:27:27','2020-09-24 21:27:27',NULL,NULL,NULL,NULL),(7,'Technology & Design','2020-09-24 21:27:40','2020-09-24 21:27:40',NULL,NULL,NULL,NULL),(8,'Marketing & Sales','2020-09-24 21:27:57','2020-09-24 21:27:57',NULL,NULL,NULL,NULL),(9,'Beauty & Fashion','2020-09-24 21:28:14','2020-09-24 21:28:14',NULL,NULL,NULL,NULL),(10,'Household Services','2020-09-24 21:28:26','2020-09-24 21:28:26',NULL,NULL,NULL,NULL),(11,'Consulting','2020-09-24 21:28:45','2020-09-24 21:28:45',NULL,NULL,NULL,NULL);
/*!40000 ALTER TABLE `categories` ENABLE KEYS */;
UNLOCK TABLES;

--
-- Table structure for table `configs`
--

DROP TABLE IF EXISTS `configs`;
/*!40101 SET @saved_cs_client     = @@character_set_client */;
/*!40101 SET character_set_client = utf8 */;
CREATE TABLE `configs` (
  `id` int(10) unsigned NOT NULL AUTO_INCREMENT,
  `builder_page` tinyint(1) DEFAULT NULL,
  `name` varchar(255) DEFAULT NULL,
  `created_at` timestamp NULL DEFAULT CURRENT_TIMESTAMP,
  `updated_at` timestamp NULL DEFAULT CURRENT_TIMESTAMP,
  PRIMARY KEY (`id`)
) ENGINE=InnoDB AUTO_INCREMENT=3 DEFAULT CHARSET=latin1;
/*!40101 SET character_set_client = @saved_cs_client */;

--
-- Dumping data for table `configs`
--

LOCK TABLES `configs` WRITE;
/*!40000 ALTER TABLE `configs` DISABLE KEYS */;
INSERT INTO `configs` VALUES (2,0,'init','2020-09-24 20:50:05','2020-09-24 21:00:08');
/*!40000 ALTER TABLE `configs` ENABLE KEYS */;
UNLOCK TABLES;

--
-- Table structure for table `core_store`
--

DROP TABLE IF EXISTS `core_store`;
/*!40101 SET @saved_cs_client     = @@character_set_client */;
/*!40101 SET character_set_client = utf8 */;
CREATE TABLE `core_store` (
  `id` int(10) unsigned NOT NULL AUTO_INCREMENT,
  `key` varchar(255) DEFAULT NULL,
  `value` longtext,
  `type` varchar(255) DEFAULT NULL,
  `environment` varchar(255) DEFAULT NULL,
  `tag` varchar(255) DEFAULT NULL,
  PRIMARY KEY (`id`)
) ENGINE=InnoDB AUTO_INCREMENT=120 DEFAULT CHARSET=latin1;
/*!40101 SET character_set_client = @saved_cs_client */;

--
-- Dumping data for table `core_store`
--

LOCK TABLES `core_store` WRITE;
/*!40000 ALTER TABLE `core_store` DISABLE KEYS */;
INSERT INTO `core_store` VALUES (56,'db_model_configs','{\"builder_page\":{\"type\":\"boolean\"},\"name\":{\"type\":\"string\"},\"created_at\":{\"type\":\"currentTimestamp\"},\"updated_at\":{\"type\":\"currentTimestamp\"}}','object',NULL,NULL),(57,'db_model_subcategories','{\"name\":{\"type\":\"string\"},\"category\":{\"model\":\"category\",\"via\":\"subcategories\"},\"description\":{\"type\":\"string\"},\"layouts\":{\"via\":\"subcategory\",\"collection\":\"layout\",\"isVirtual\":true},\"created_at\":{\"type\":\"currentTimestamp\"},\"updated_at\":{\"type\":\"currentTimestamp\"}}','object',NULL,NULL),(58,'db_model_subscribers','{\"subscriber_email\":{\"type\":\"email\"},\"business\":{\"model\":\"business\"},\"created_at\":{\"type\":\"currentTimestamp\"},\"updated_at\":{\"type\":\"currentTimestamp\"}}','object',NULL,NULL),(59,'db_model_core_store','{\"key\":{\"type\":\"string\"},\"value\":{\"type\":\"text\"},\"type\":{\"type\":\"string\"},\"environment\":{\"type\":\"string\"},\"tag\":{\"type\":\"string\"}}','object',NULL,NULL),(60,'db_model_strapi_webhooks','{\"name\":{\"type\":\"string\"},\"url\":{\"type\":\"text\"},\"headers\":{\"type\":\"json\"},\"events\":{\"type\":\"json\"},\"enabled\":{\"type\":\"boolean\"}}','object',NULL,NULL),(61,'db_model_strapi_administrator','{\"username\":{\"type\":\"string\",\"minLength\":3,\"unique\":true,\"configurable\":false,\"required\":true},\"email\":{\"type\":\"email\",\"minLength\":6,\"configurable\":false,\"required\":true},\"password\":{\"type\":\"password\",\"minLength\":6,\"configurable\":false,\"private\":true,\"required\":true},\"resetPasswordToken\":{\"type\":\"string\",\"configurable\":false,\"private\":true},\"blocked\":{\"type\":\"boolean\",\"default\":false,\"configurable\":false}}','object',NULL,NULL),(62,'db_model_users-permissions_permission','{\"type\":{\"type\":\"string\",\"required\":true,\"configurable\":false},\"controller\":{\"type\":\"string\",\"required\":true,\"configurable\":false},\"action\":{\"type\":\"string\",\"required\":true,\"configurable\":false},\"enabled\":{\"type\":\"boolean\",\"required\":true,\"configurable\":false},\"policy\":{\"type\":\"string\",\"configurable\":false},\"role\":{\"model\":\"role\",\"via\":\"permissions\",\"plugin\":\"users-permissions\",\"configurable\":false}}','object',NULL,NULL),(63,'db_model_allies','{\"logo\":{\"collection\":\"file\",\"via\":\"related\",\"allowedTypes\":[\"images\",\"files\",\"videos\"],\"plugin\":\"upload\",\"required\":false},\"business\":{\"via\":\"ally\",\"model\":\"business\"},\"created_at\":{\"type\":\"currentTimestamp\"},\"updated_at\":{\"type\":\"currentTimestamp\"}}','object',NULL,NULL),(64,'db_model_articles','{\"title\":{\"type\":\"string\"},\"content\":{\"type\":\"richtext\"},\"image\":{\"model\":\"file\",\"via\":\"related\",\"allowedTypes\":[\"images\",\"files\",\"videos\"],\"plugin\":\"upload\",\"required\":false},\"published_at\":{\"type\":\"date\"},\"created_at\":{\"type\":\"currentTimestamp\"},\"updated_at\":{\"type\":\"currentTimestamp\"}}','object',NULL,NULL),(65,'db_model_blogs','{\"title\":{\"type\":\"string\",\"default\":\"blog title\"},\"description\":{\"type\":\"text\",\"default\":\"blog description goes here...\"},\"image\":{\"model\":\"file\",\"via\":\"related\",\"allowedTypes\":[\"images\",\"files\",\"videos\"],\"plugin\":\"upload\",\"required\":false},\"business\":{\"via\":\"blogs\",\"model\":\"business\"},\"created_at\":{\"type\":\"currentTimestamp\"},\"updated_at\":{\"type\":\"currentTimestamp\"}}','object',NULL,NULL),(66,'db_model_business_services','{\"icon\":{\"type\":\"string\"},\"title\":{\"type\":\"string\"},\"description\":{\"type\":\"text\"},\"image\":{\"collection\":\"file\",\"via\":\"related\",\"allowedTypes\":[\"images\",\"files\",\"videos\"],\"plugin\":\"upload\",\"required\":false},\"business\":{\"via\":\"business_services\",\"model\":\"business\"},\"created_at\":{\"type\":\"currentTimestamp\"},\"updated_at\":{\"type\":\"currentTimestamp\"}}','object',NULL,NULL),(67,'db_model_businesses','{\"name\":{\"type\":\"string\",\"default\":\"Business\"},\"logo\":{\"model\":\"file\",\"via\":\"related\",\"allowedTypes\":[\"images\",\"files\",\"videos\"],\"plugin\":\"upload\",\"required\":false},\"tagline\":{\"type\":\"string\",\"default\":\"Your tagline goes here\"},\"description\":{\"type\":\"text\",\"default\":\"Your text goes here ....\"},\"work_images\":{\"collection\":\"file\",\"via\":\"related\",\"allowedTypes\":[\"images\",\"files\",\"videos\"],\"plugin\":\"upload\",\"required\":false},\"address1\":{\"type\":\"string\",\"default\":\"Addresss goes here\"},\"user\":{\"plugin\":\"users-permissions\",\"model\":\"user\",\"via\":\"business\"},\"testimonials\":{\"collection\":\"testimonial\",\"via\":\"business\",\"isVirtual\":true},\"email\":{\"type\":\"string\",\"default\":\"test@server.com\"},\"phone\":{\"type\":\"string\",\"default\":\"1231231234\"},\"blogs\":{\"collection\":\"blog\",\"via\":\"business\",\"isVirtual\":true},\"address2\":{\"type\":\"string\"},\"city\":{\"type\":\"string\"},\"country\":{\"type\":\"string\"},\"state\":{\"type\":\"string\"},\"zip\":{\"type\":\"decimal\"},\"business_services\":{\"collection\":\"business-services\",\"via\":\"business\",\"isVirtual\":true},\"allies\":{\"collection\":\"allies\",\"attribute\":\"ally\",\"column\":\"id\",\"isVirtual\":true},\"ally\":{\"model\":\"allies\",\"via\":\"business\"},\"products\":{\"via\":\"business\",\"collection\":\"product\",\"isVirtual\":true},\"top_banners\":{\"collection\":\"top-banner\",\"attribute\":\"top-banner\",\"column\":\"id\",\"isVirtual\":true},\"galeries\":{\"collection\":\"galery\",\"via\":\"business\",\"isVirtual\":true},\"business_position\":{\"type\":\"string\"},\"latitude\":{\"type\":\"float\"},\"longitude\":{\"type\":\"float\"},\"messages\":{\"via\":\"business\",\"collection\":\"messages\",\"isVirtual\":true},\"coupons\":{\"via\":\"business\",\"collection\":\"coupon\",\"isVirtual\":true},\"orders\":{\"via\":\"business\",\"collection\":\"order\",\"isVirtual\":true},\"created_at\":{\"type\":\"currentTimestamp\"},\"updated_at\":{\"type\":\"currentTimestamp\"}}','object',NULL,NULL),(68,'db_model_categories','{\"name\":{\"type\":\"string\"},\"subcategories\":{\"via\":\"category\",\"collection\":\"subcategory\",\"isVirtual\":true},\"layouts\":{\"via\":\"category\",\"collection\":\"layout\",\"isVirtual\":true},\"description\":{\"type\":\"string\"},\"taglines\":{\"via\":\"category\",\"collection\":\"tagline\",\"isVirtual\":true},\"predefined_blogs\":{\"via\":\"category\",\"collection\":\"predefined-blog\",\"isVirtual\":true},\"created_at\":{\"type\":\"currentTimestamp\"},\"updated_at\":{\"type\":\"currentTimestamp\"}}','object',NULL,NULL),(69,'db_model_layouts','{\"name\":{\"type\":\"string\"},\"preview\":{\"model\":\"file\",\"via\":\"related\",\"allowedTypes\":[\"images\",\"files\",\"videos\"],\"plugin\":\"upload\",\"required\":false},\"mockup\":{\"model\":\"file\",\"via\":\"related\",\"allowedTypes\":[\"images\",\"files\",\"videos\"],\"plugin\":\"upload\",\"required\":false},\"category\":{\"model\":\"category\",\"via\":\"layouts\"},\"card\":{\"model\":\"file\",\"via\":\"related\",\"allowedTypes\":[\"images\",\"files\",\"videos\"],\"plugin\":\"upload\",\"required\":false},\"free\":{\"type\":\"boolean\"},\"subcategory\":{\"model\":\"subcategory\",\"via\":\"layouts\"},\"Flyer\":{\"model\":\"file\",\"via\":\"related\",\"allowedTypes\":[\"images\",\"files\",\"videos\"],\"plugin\":\"upload\",\"required\":false},\"created_at\":{\"type\":\"currentTimestamp\"},\"updated_at\":{\"type\":\"currentTimestamp\"}}','object',NULL,NULL),(70,'db_model_product_categories','{\"name\":{\"type\":\"string\"},\"product_subcategories\":{\"via\":\"product_category\",\"collection\":\"product-subcategory\",\"isVirtual\":true},\"created_at\":{\"type\":\"currentTimestamp\"},\"updated_at\":{\"type\":\"currentTimestamp\"}}','object',NULL,NULL),(71,'db_model_product_subcategories','{\"name\":{\"type\":\"string\"},\"product_category\":{\"model\":\"product-category\",\"via\":\"product_subcategories\"},\"products\":{\"via\":\"product_subcategory\",\"collection\":\"product\",\"isVirtual\":true},\"created_at\":{\"type\":\"currentTimestamp\"},\"updated_at\":{\"type\":\"currentTimestamp\"}}','object',NULL,NULL),(72,'db_model_products','{\"name\":{\"type\":\"string\"},\"description\":{\"type\":\"text\"},\"price\":{\"type\":\"decimal\"},\"photos\":{\"collection\":\"file\",\"via\":\"related\",\"allowedTypes\":[\"images\",\"files\",\"videos\"],\"plugin\":\"upload\",\"required\":false},\"quantity\":{\"type\":\"integer\",\"default\":1},\"status\":{\"type\":\"boolean\"},\"business\":{\"model\":\"business\",\"via\":\"products\"},\"product_subcategory\":{\"model\":\"product-subcategory\",\"via\":\"products\"},\"featured\":{\"type\":\"boolean\",\"default\":false},\"stock\":{\"type\":\"integer\",\"default\":1,\"required\":true},\"created_at\":{\"type\":\"currentTimestamp\"},\"updated_at\":{\"type\":\"currentTimestamp\"}}','object',NULL,NULL),(73,'db_model_testimonials','{\"title\":{\"type\":\"string\"},\"description\":{\"type\":\"string\"},\"sender\":{\"type\":\"string\"},\"sender_image\":{\"model\":\"file\",\"via\":\"related\",\"allowedTypes\":[\"images\",\"files\",\"videos\"],\"plugin\":\"upload\",\"required\":false},\"business\":{\"via\":\"testimonials\",\"model\":\"business\"},\"created_at\":{\"type\":\"currentTimestamp\"},\"updated_at\":{\"type\":\"currentTimestamp\"}}','object',NULL,NULL),(74,'db_model_top_banners','{\"topbannerimage\":{\"model\":\"file\",\"via\":\"related\",\"allowedTypes\":[\"images\",\"files\",\"videos\"],\"plugin\":\"upload\",\"required\":false},\"business\":{\"model\":\"business\"},\"created_at\":{\"type\":\"currentTimestamp\"},\"updated_at\":{\"type\":\"currentTimestamp\"}}','object',NULL,NULL),(75,'db_model_upload_file','{\"name\":{\"type\":\"string\",\"configurable\":false,\"required\":true},\"alternativeText\":{\"type\":\"string\",\"configurable\":false},\"caption\":{\"type\":\"string\",\"configurable\":false},\"width\":{\"type\":\"integer\",\"configurable\":false},\"height\":{\"type\":\"integer\",\"configurable\":false},\"formats\":{\"type\":\"json\",\"configurable\":false},\"hash\":{\"type\":\"string\",\"configurable\":false,\"required\":true},\"ext\":{\"type\":\"string\",\"configurable\":false},\"mime\":{\"type\":\"string\",\"configurable\":false,\"required\":true},\"size\":{\"type\":\"decimal\",\"configurable\":false,\"required\":true},\"url\":{\"type\":\"string\",\"configurable\":false,\"required\":true},\"previewUrl\":{\"type\":\"string\",\"configurable\":false},\"provider\":{\"type\":\"string\",\"configurable\":false,\"required\":true},\"provider_metadata\":{\"type\":\"json\",\"configurable\":false},\"related\":{\"collection\":\"*\",\"filter\":\"field\",\"configurable\":false},\"created_at\":{\"type\":\"currentTimestamp\"},\"updated_at\":{\"type\":\"currentTimestamp\"}}','object',NULL,NULL),(76,'db_model_users-permissions_role','{\"name\":{\"type\":\"string\",\"minLength\":3,\"required\":true,\"configurable\":false},\"description\":{\"type\":\"string\",\"configurable\":false},\"type\":{\"type\":\"string\",\"unique\":true,\"configurable\":false},\"permissions\":{\"collection\":\"permission\",\"via\":\"role\",\"plugin\":\"users-permissions\",\"configurable\":false,\"isVirtual\":true},\"users\":{\"collection\":\"user\",\"via\":\"role\",\"configurable\":false,\"plugin\":\"users-permissions\",\"isVirtual\":true}}','object',NULL,NULL),(77,'db_model_users-permissions_user','{\"username\":{\"type\":\"string\",\"minLength\":3,\"unique\":true,\"configurable\":false,\"required\":true},\"email\":{\"type\":\"email\",\"minLength\":6,\"configurable\":false,\"required\":true},\"provider\":{\"type\":\"string\",\"configurable\":false},\"password\":{\"type\":\"password\",\"minLength\":6,\"configurable\":false,\"private\":true},\"resetPasswordToken\":{\"type\":\"string\",\"configurable\":false,\"private\":true},\"confirmed\":{\"type\":\"boolean\",\"default\":false,\"configurable\":false},\"blocked\":{\"type\":\"boolean\",\"default\":false,\"configurable\":false},\"role\":{\"model\":\"role\",\"via\":\"users\",\"plugin\":\"users-permissions\",\"configurable\":false},\"fullname\":{\"type\":\"string\"},\"phone\":{\"type\":\"string\"},\"address\":{\"type\":\"string\"},\"city\":{\"type\":\"string\"},\"state\":{\"type\":\"string\"},\"zip\":{\"type\":\"integer\"},\"country\":{\"type\":\"string\"},\"avatar\":{\"model\":\"file\",\"via\":\"related\",\"allowedTypes\":[\"images\",\"files\",\"videos\"],\"plugin\":\"upload\",\"required\":false},\"business\":{\"via\":\"user\",\"model\":\"business\"},\"layout\":{\"model\":\"layout\"},\"created_at\":{\"type\":\"currentTimestamp\"},\"updated_at\":{\"type\":\"currentTimestamp\"}}','object',NULL,NULL),(78,'db_model_businesses__allies','{\"business_id\":{\"type\":\"integer\"},\"ally_id\":{\"type\":\"integer\"}}','object',NULL,NULL),(79,'db_model_upload_file_morph','{\"upload_file_id\":{\"type\":\"integer\"},\"related_id\":{\"type\":\"integer\"},\"related_type\":{\"type\":\"text\"},\"field\":{\"type\":\"text\"},\"order\":{\"type\":\"integer\"}}','object',NULL,NULL),(80,'db_model_businesses__top_banners','{\"business_id\":{\"type\":\"integer\"},\"top-banner_id\":{\"type\":\"integer\"}}','object',NULL,NULL),(81,'plugin_documentation_config','{\"restrictedAccess\":false}','object','',''),(82,'plugin_upload_settings','{\"sizeOptimization\":true,\"responsiveDimensions\":true}','object','development',''),(83,'plugin_users-permissions_grant','{\"email\":{\"enabled\":true,\"icon\":\"envelope\"},\"discord\":{\"enabled\":false,\"icon\":\"discord\",\"key\":\"\",\"secret\":\"\",\"callback\":\"/auth/discord/callback\",\"scope\":[\"identify\",\"email\"]},\"facebook\":{\"enabled\":false,\"icon\":\"facebook-square\",\"key\":\"\",\"secret\":\"\",\"callback\":\"/auth/facebook/callback\",\"scope\":[\"email\"]},\"google\":{\"enabled\":false,\"icon\":\"google\",\"key\":\"\",\"secret\":\"\",\"callback\":\"/auth/google/callback\",\"scope\":[\"email\"]},\"github\":{\"enabled\":false,\"icon\":\"github\",\"key\":\"\",\"secret\":\"\",\"callback\":\"/auth/github/callback\",\"scope\":[\"user\",\"user:email\"]},\"microsoft\":{\"enabled\":false,\"icon\":\"windows\",\"key\":\"\",\"secret\":\"\",\"callback\":\"/auth/microsoft/callback\",\"scope\":[\"user.read\"]},\"twitter\":{\"enabled\":false,\"icon\":\"twitter\",\"key\":\"\",\"secret\":\"\",\"callback\":\"/auth/twitter/callback\"},\"instagram\":{\"enabled\":false,\"icon\":\"instagram\",\"key\":\"\",\"secret\":\"\",\"callback\":\"/auth/instagram/callback\"},\"vk\":{\"enabled\":false,\"icon\":\"vk\",\"key\":\"\",\"secret\":\"\",\"callback\":\"/auth/vk/callback\",\"scope\":[\"email\"]},\"twitch\":{\"enabled\":false,\"icon\":\"twitch\",\"key\":\"\",\"secret\":\"\",\"callback\":\"/auth/twitch/callback\",\"scope\":[\"user:read:email\"]}}','object','',''),(84,'plugin_content_manager_configuration_content_types::application::allies.allies','{\"uid\":\"application::allies.allies\",\"settings\":{\"bulkable\":true,\"filterable\":true,\"searchable\":true,\"pageSize\":10,\"mainField\":\"id\",\"defaultSortBy\":\"id\",\"defaultSortOrder\":\"ASC\"},\"metadatas\":{\"id\":{\"edit\":{},\"list\":{\"label\":\"Id\",\"searchable\":true,\"sortable\":true}},\"logo\":{\"edit\":{\"label\":\"Logo\",\"description\":\"\",\"placeholder\":\"\",\"visible\":true,\"editable\":true},\"list\":{\"label\":\"Logo\",\"searchable\":false,\"sortable\":false}},\"business\":{\"edit\":{\"label\":\"Business\",\"description\":\"\",\"placeholder\":\"\",\"visible\":true,\"editable\":true,\"mainField\":\"name\"},\"list\":{\"label\":\"Business\",\"searchable\":false,\"sortable\":false}},\"created_at\":{\"edit\":{\"label\":\"Created_at\",\"description\":\"\",\"placeholder\":\"\",\"visible\":false,\"editable\":true},\"list\":{\"label\":\"Created_at\",\"searchable\":true,\"sortable\":true}},\"updated_at\":{\"edit\":{\"label\":\"Updated_at\",\"description\":\"\",\"placeholder\":\"\",\"visible\":false,\"editable\":true},\"list\":{\"label\":\"Updated_at\",\"searchable\":true,\"sortable\":true}}},\"layouts\":{\"list\":[\"id\",\"logo\",\"created_at\",\"updated_at\"],\"editRelations\":[\"business\"],\"edit\":[[{\"name\":\"logo\",\"size\":6}]]}}','object','',''),(85,'plugin_content_manager_configuration_content_types::application::article.article','{\"uid\":\"application::article.article\",\"settings\":{\"bulkable\":true,\"filterable\":true,\"searchable\":true,\"pageSize\":10,\"mainField\":\"title\",\"defaultSortBy\":\"title\",\"defaultSortOrder\":\"ASC\"},\"metadatas\":{\"id\":{\"edit\":{},\"list\":{\"label\":\"Id\",\"searchable\":true,\"sortable\":true}},\"title\":{\"edit\":{\"label\":\"Title\",\"description\":\"\",\"placeholder\":\"\",\"visible\":true,\"editable\":true},\"list\":{\"label\":\"Title\",\"searchable\":true,\"sortable\":true}},\"content\":{\"edit\":{\"label\":\"Content\",\"description\":\"\",\"placeholder\":\"\",\"visible\":true,\"editable\":true},\"list\":{\"label\":\"Content\",\"searchable\":false,\"sortable\":false}},\"image\":{\"edit\":{\"label\":\"Image\",\"description\":\"\",\"placeholder\":\"\",\"visible\":true,\"editable\":true},\"list\":{\"label\":\"Image\",\"searchable\":false,\"sortable\":false}},\"published_at\":{\"edit\":{\"label\":\"Published_at\",\"description\":\"\",\"placeholder\":\"\",\"visible\":true,\"editable\":true},\"list\":{\"label\":\"Published_at\",\"searchable\":true,\"sortable\":true}},\"created_at\":{\"edit\":{\"label\":\"Created_at\",\"description\":\"\",\"placeholder\":\"\",\"visible\":false,\"editable\":true},\"list\":{\"label\":\"Created_at\",\"searchable\":true,\"sortable\":true}},\"updated_at\":{\"edit\":{\"label\":\"Updated_at\",\"description\":\"\",\"placeholder\":\"\",\"visible\":false,\"editable\":true},\"list\":{\"label\":\"Updated_at\",\"searchable\":true,\"sortable\":true}}},\"layouts\":{\"list\":[\"id\",\"title\",\"image\",\"published_at\"],\"editRelations\":[],\"edit\":[[{\"name\":\"title\",\"size\":6}],[{\"name\":\"content\",\"size\":12}],[{\"name\":\"image\",\"size\":6},{\"name\":\"published_at\",\"size\":4}]]}}','object','',''),(86,'plugin_content_manager_configuration_content_types::application::blog.blog','{\"uid\":\"application::blog.blog\",\"settings\":{\"bulkable\":true,\"filterable\":true,\"searchable\":true,\"pageSize\":10,\"mainField\":\"title\",\"defaultSortBy\":\"title\",\"defaultSortOrder\":\"ASC\"},\"metadatas\":{\"id\":{\"edit\":{},\"list\":{\"label\":\"Id\",\"searchable\":true,\"sortable\":true}},\"title\":{\"edit\":{\"label\":\"Title\",\"description\":\"\",\"placeholder\":\"\",\"visible\":true,\"editable\":true},\"list\":{\"label\":\"Title\",\"searchable\":true,\"sortable\":true}},\"description\":{\"edit\":{\"label\":\"Description\",\"description\":\"\",\"placeholder\":\"\",\"visible\":true,\"editable\":true},\"list\":{\"label\":\"Description\",\"searchable\":true,\"sortable\":true}},\"image\":{\"edit\":{\"label\":\"Image\",\"description\":\"\",\"placeholder\":\"\",\"visible\":true,\"editable\":true},\"list\":{\"label\":\"Image\",\"searchable\":false,\"sortable\":false}},\"business\":{\"edit\":{\"label\":\"Business\",\"description\":\"\",\"placeholder\":\"\",\"visible\":true,\"editable\":true,\"mainField\":\"name\"},\"list\":{\"label\":\"Business\",\"searchable\":false,\"sortable\":false}},\"created_at\":{\"edit\":{\"label\":\"Created_at\",\"description\":\"\",\"placeholder\":\"\",\"visible\":false,\"editable\":true},\"list\":{\"label\":\"Created_at\",\"searchable\":true,\"sortable\":true}},\"updated_at\":{\"edit\":{\"label\":\"Updated_at\",\"description\":\"\",\"placeholder\":\"\",\"visible\":false,\"editable\":true},\"list\":{\"label\":\"Updated_at\",\"searchable\":true,\"sortable\":true}}},\"layouts\":{\"list\":[\"id\",\"title\",\"description\",\"image\"],\"editRelations\":[\"business\"],\"edit\":[[{\"name\":\"title\",\"size\":6},{\"name\":\"description\",\"size\":6}],[{\"name\":\"image\",\"size\":6}]]}}','object','',''),(87,'plugin_content_manager_configuration_content_types::application::business-services.business-services','{\"uid\":\"application::business-services.business-services\",\"settings\":{\"bulkable\":true,\"filterable\":true,\"searchable\":true,\"pageSize\":10,\"mainField\":\"icon\",\"defaultSortBy\":\"icon\",\"defaultSortOrder\":\"ASC\"},\"metadatas\":{\"id\":{\"edit\":{},\"list\":{\"label\":\"Id\",\"searchable\":true,\"sortable\":true}},\"icon\":{\"edit\":{\"label\":\"Icon\",\"description\":\"\",\"placeholder\":\"\",\"visible\":true,\"editable\":true},\"list\":{\"label\":\"Icon\",\"searchable\":true,\"sortable\":true}},\"title\":{\"edit\":{\"label\":\"Title\",\"description\":\"\",\"placeholder\":\"\",\"visible\":true,\"editable\":true},\"list\":{\"label\":\"Title\",\"searchable\":true,\"sortable\":true}},\"description\":{\"edit\":{\"label\":\"Description\",\"description\":\"\",\"placeholder\":\"\",\"visible\":true,\"editable\":true},\"list\":{\"label\":\"Description\",\"searchable\":true,\"sortable\":true}},\"image\":{\"edit\":{\"label\":\"Image\",\"description\":\"\",\"placeholder\":\"\",\"visible\":true,\"editable\":true},\"list\":{\"label\":\"Image\",\"searchable\":false,\"sortable\":false}},\"business\":{\"edit\":{\"label\":\"Business\",\"description\":\"\",\"placeholder\":\"\",\"visible\":true,\"editable\":true,\"mainField\":\"name\"},\"list\":{\"label\":\"Business\",\"searchable\":false,\"sortable\":false}},\"created_at\":{\"edit\":{\"label\":\"Created_at\",\"description\":\"\",\"placeholder\":\"\",\"visible\":false,\"editable\":true},\"list\":{\"label\":\"Created_at\",\"searchable\":true,\"sortable\":true}},\"updated_at\":{\"edit\":{\"label\":\"Updated_at\",\"description\":\"\",\"placeholder\":\"\",\"visible\":false,\"editable\":true},\"list\":{\"label\":\"Updated_at\",\"searchable\":true,\"sortable\":true}}},\"layouts\":{\"list\":[\"id\",\"icon\",\"title\",\"description\"],\"editRelations\":[\"business\"],\"edit\":[[{\"name\":\"icon\",\"size\":6},{\"name\":\"title\",\"size\":6}],[{\"name\":\"description\",\"size\":6},{\"name\":\"image\",\"size\":6}]]}}','object','',''),(88,'plugin_content_manager_configuration_content_types::application::business.business','{\"uid\":\"application::business.business\",\"settings\":{\"bulkable\":true,\"filterable\":true,\"searchable\":true,\"pageSize\":10,\"mainField\":\"name\",\"defaultSortBy\":\"name\",\"defaultSortOrder\":\"ASC\"},\"metadatas\":{\"id\":{\"edit\":{},\"list\":{\"label\":\"Id\",\"searchable\":true,\"sortable\":true}},\"name\":{\"edit\":{\"label\":\"Name\",\"description\":\"\",\"placeholder\":\"\",\"visible\":true,\"editable\":true},\"list\":{\"label\":\"Name\",\"searchable\":true,\"sortable\":true}},\"logo\":{\"edit\":{\"label\":\"Logo\",\"description\":\"\",\"placeholder\":\"\",\"visible\":true,\"editable\":true},\"list\":{\"label\":\"Logo\",\"searchable\":false,\"sortable\":false}},\"tagline\":{\"edit\":{\"label\":\"Tagline\",\"description\":\"\",\"placeholder\":\"\",\"visible\":true,\"editable\":true},\"list\":{\"label\":\"Tagline\",\"searchable\":true,\"sortable\":true}},\"description\":{\"edit\":{\"label\":\"Description\",\"description\":\"\",\"placeholder\":\"\",\"visible\":true,\"editable\":true},\"list\":{\"label\":\"Description\",\"searchable\":true,\"sortable\":true}},\"work_images\":{\"edit\":{\"label\":\"Work_images\",\"description\":\"\",\"placeholder\":\"\",\"visible\":true,\"editable\":true},\"list\":{\"label\":\"Work_images\",\"searchable\":false,\"sortable\":false}},\"address1\":{\"edit\":{\"label\":\"Address1\",\"description\":\"\",\"placeholder\":\"\",\"visible\":true,\"editable\":true},\"list\":{\"label\":\"Address1\",\"searchable\":true,\"sortable\":true}},\"user\":{\"edit\":{\"label\":\"User\",\"description\":\"\",\"placeholder\":\"\",\"visible\":true,\"editable\":true,\"mainField\":\"username\"},\"list\":{\"label\":\"User\",\"searchable\":false,\"sortable\":false}},\"testimonials\":{\"edit\":{\"label\":\"Testimonials\",\"description\":\"\",\"placeholder\":\"\",\"visible\":true,\"editable\":true,\"mainField\":\"title\"},\"list\":{\"label\":\"Testimonials\",\"searchable\":false,\"sortable\":false}},\"email\":{\"edit\":{\"label\":\"Email\",\"description\":\"\",\"placeholder\":\"\",\"visible\":true,\"editable\":true},\"list\":{\"label\":\"Email\",\"searchable\":true,\"sortable\":true}},\"phone\":{\"edit\":{\"label\":\"Phone\",\"description\":\"\",\"placeholder\":\"\",\"visible\":true,\"editable\":true},\"list\":{\"label\":\"Phone\",\"searchable\":true,\"sortable\":true}},\"blogs\":{\"edit\":{\"label\":\"Blogs\",\"description\":\"\",\"placeholder\":\"\",\"visible\":true,\"editable\":true,\"mainField\":\"title\"},\"list\":{\"label\":\"Blogs\",\"searchable\":false,\"sortable\":false}},\"address2\":{\"edit\":{\"label\":\"Address2\",\"description\":\"\",\"placeholder\":\"\",\"visible\":true,\"editable\":true},\"list\":{\"label\":\"Address2\",\"searchable\":true,\"sortable\":true}},\"city\":{\"edit\":{\"label\":\"City\",\"description\":\"\",\"placeholder\":\"\",\"visible\":true,\"editable\":true},\"list\":{\"label\":\"City\",\"searchable\":true,\"sortable\":true}},\"country\":{\"edit\":{\"label\":\"Country\",\"description\":\"\",\"placeholder\":\"\",\"visible\":true,\"editable\":true},\"list\":{\"label\":\"Country\",\"searchable\":true,\"sortable\":true}},\"state\":{\"edit\":{\"label\":\"State\",\"description\":\"\",\"placeholder\":\"\",\"visible\":true,\"editable\":true},\"list\":{\"label\":\"State\",\"searchable\":true,\"sortable\":true}},\"zip\":{\"edit\":{\"label\":\"Zip\",\"description\":\"\",\"placeholder\":\"\",\"visible\":true,\"editable\":true},\"list\":{\"label\":\"Zip\",\"searchable\":true,\"sortable\":true}},\"business_services\":{\"edit\":{\"label\":\"Business_services\",\"description\":\"\",\"placeholder\":\"\",\"visible\":true,\"editable\":true,\"mainField\":\"icon\"},\"list\":{\"label\":\"Business_services\",\"searchable\":false,\"sortable\":false}},\"allies\":{\"edit\":{\"label\":\"Allies\",\"description\":\"\",\"placeholder\":\"\",\"visible\":true,\"editable\":true,\"mainField\":\"id\"},\"list\":{\"label\":\"Allies\",\"searchable\":false,\"sortable\":false}},\"ally\":{\"edit\":{\"label\":\"Ally\",\"description\":\"\",\"placeholder\":\"\",\"visible\":true,\"editable\":true,\"mainField\":\"id\"},\"list\":{\"label\":\"Ally\",\"searchable\":false,\"sortable\":false}},\"products\":{\"edit\":{\"label\":\"Products\",\"description\":\"\",\"placeholder\":\"\",\"visible\":true,\"editable\":true,\"mainField\":\"name\"},\"list\":{\"label\":\"Products\",\"searchable\":false,\"sortable\":false}},\"top_banners\":{\"edit\":{\"label\":\"Top_banners\",\"description\":\"\",\"placeholder\":\"\",\"visible\":true,\"editable\":true,\"mainField\":\"id\"},\"list\":{\"label\":\"Top_banners\",\"searchable\":false,\"sortable\":false}},\"galeries\":{\"edit\":{\"label\":\"Galeries\",\"description\":\"\",\"placeholder\":\"\",\"visible\":true,\"editable\":true,\"mainField\":\"id\"},\"list\":{\"label\":\"Galeries\",\"searchable\":false,\"sortable\":false}},\"business_position\":{\"edit\":{\"label\":\"Business_position\",\"description\":\"\",\"placeholder\":\"\",\"visible\":true,\"editable\":true},\"list\":{\"label\":\"Business_position\",\"searchable\":true,\"sortable\":true}},\"latitude\":{\"edit\":{\"label\":\"Latitude\",\"description\":\"\",\"placeholder\":\"\",\"visible\":true,\"editable\":true},\"list\":{\"label\":\"Latitude\",\"searchable\":true,\"sortable\":true}},\"longitude\":{\"edit\":{\"label\":\"Longitude\",\"description\":\"\",\"placeholder\":\"\",\"visible\":true,\"editable\":true},\"list\":{\"label\":\"Longitude\",\"searchable\":true,\"sortable\":true}},\"messages\":{\"edit\":{\"label\":\"Messages\",\"description\":\"\",\"placeholder\":\"\",\"visible\":true,\"editable\":true,\"mainField\":\"first_name\"},\"list\":{\"label\":\"Messages\",\"searchable\":false,\"sortable\":false}},\"coupons\":{\"edit\":{\"label\":\"Coupons\",\"description\":\"\",\"placeholder\":\"\",\"visible\":true,\"editable\":true,\"mainField\":\"code\"},\"list\":{\"label\":\"Coupons\",\"searchable\":false,\"sortable\":false}},\"orders\":{\"edit\":{\"label\":\"Orders\",\"description\":\"\",\"placeholder\":\"\",\"visible\":true,\"editable\":true,\"mainField\":\"phone\"},\"list\":{\"label\":\"Orders\",\"searchable\":false,\"sortable\":false}},\"created_at\":{\"edit\":{\"label\":\"Created_at\",\"description\":\"\",\"placeholder\":\"\",\"visible\":false,\"editable\":true},\"list\":{\"label\":\"Created_at\",\"searchable\":true,\"sortable\":true}},\"updated_at\":{\"edit\":{\"label\":\"Updated_at\",\"description\":\"\",\"placeholder\":\"\",\"visible\":false,\"editable\":true},\"list\":{\"label\":\"Updated_at\",\"searchable\":true,\"sortable\":true}}},\"layouts\":{\"list\":[\"id\",\"name\",\"logo\",\"tagline\"],\"edit\":[[{\"name\":\"name\",\"size\":6},{\"name\":\"logo\",\"size\":6}],[{\"name\":\"tagline\",\"size\":6},{\"name\":\"description\",\"size\":6}],[{\"name\":\"work_images\",\"size\":6},{\"name\":\"address1\",\"size\":6}],[{\"name\":\"email\",\"size\":6},{\"name\":\"phone\",\"size\":6}],[{\"name\":\"address2\",\"size\":6},{\"name\":\"city\",\"size\":6}],[{\"name\":\"country\",\"size\":6},{\"name\":\"state\",\"size\":6}],[{\"name\":\"zip\",\"size\":4},{\"name\":\"business_position\",\"size\":6}],[{\"name\":\"latitude\",\"size\":4},{\"name\":\"longitude\",\"size\":4}]],\"editRelations\":[\"user\",\"testimonials\",\"blogs\",\"business_services\",\"allies\",\"ally\",\"products\",\"top_banners\",\"galeries\",\"messages\",\"coupons\",\"orders\"]}}','object','',''),(89,'plugin_content_manager_configuration_content_types::application::category.category','{\"uid\":\"application::category.category\",\"settings\":{\"bulkable\":true,\"filterable\":true,\"searchable\":true,\"pageSize\":10,\"mainField\":\"name\",\"defaultSortBy\":\"name\",\"defaultSortOrder\":\"ASC\"},\"metadatas\":{\"id\":{\"edit\":{},\"list\":{\"label\":\"Id\",\"searchable\":true,\"sortable\":true}},\"name\":{\"edit\":{\"label\":\"Name\",\"description\":\"\",\"placeholder\":\"\",\"visible\":true,\"editable\":true},\"list\":{\"label\":\"Name\",\"searchable\":true,\"sortable\":true}},\"subcategories\":{\"edit\":{\"label\":\"Subcategories\",\"description\":\"\",\"placeholder\":\"\",\"visible\":true,\"editable\":true,\"mainField\":\"name\"},\"list\":{\"label\":\"Subcategories\",\"searchable\":false,\"sortable\":false}},\"layouts\":{\"edit\":{\"label\":\"Layouts\",\"description\":\"\",\"placeholder\":\"\",\"visible\":true,\"editable\":true,\"mainField\":\"name\"},\"list\":{\"label\":\"Layouts\",\"searchable\":false,\"sortable\":false}},\"description\":{\"edit\":{\"label\":\"Description\",\"description\":\"\",\"placeholder\":\"\",\"visible\":true,\"editable\":true},\"list\":{\"label\":\"Description\",\"searchable\":true,\"sortable\":true}},\"taglines\":{\"edit\":{\"label\":\"Taglines\",\"description\":\"\",\"placeholder\":\"\",\"visible\":true,\"editable\":true,\"mainField\":\"text\"},\"list\":{\"label\":\"Taglines\",\"searchable\":false,\"sortable\":false}},\"predefined_blogs\":{\"edit\":{\"label\":\"Predefined_blogs\",\"description\":\"\",\"placeholder\":\"\",\"visible\":true,\"editable\":true,\"mainField\":\"title\"},\"list\":{\"label\":\"Predefined_blogs\",\"searchable\":false,\"sortable\":false}},\"created_at\":{\"edit\":{\"label\":\"Created_at\",\"description\":\"\",\"placeholder\":\"\",\"visible\":false,\"editable\":true},\"list\":{\"label\":\"Created_at\",\"searchable\":true,\"sortable\":true}},\"updated_at\":{\"edit\":{\"label\":\"Updated_at\",\"description\":\"\",\"placeholder\":\"\",\"visible\":false,\"editable\":true},\"list\":{\"label\":\"Updated_at\",\"searchable\":true,\"sortable\":true}}},\"layouts\":{\"list\":[\"id\",\"name\",\"created_at\"],\"edit\":[[{\"name\":\"name\",\"size\":6},{\"name\":\"description\",\"size\":6}]],\"editRelations\":[\"subcategories\",\"layouts\",\"taglines\",\"predefined_blogs\"]}}','object','',''),(90,'plugin_content_manager_configuration_content_types::application::config.config','{\"uid\":\"application::config.config\",\"settings\":{\"bulkable\":true,\"filterable\":true,\"searchable\":true,\"pageSize\":10,\"mainField\":\"name\",\"defaultSortBy\":\"name\",\"defaultSortOrder\":\"ASC\"},\"metadatas\":{\"id\":{\"edit\":{},\"list\":{\"label\":\"Id\",\"searchable\":true,\"sortable\":true}},\"builder_page\":{\"edit\":{\"label\":\"Builder_page\",\"description\":\"\",\"placeholder\":\"\",\"visible\":true,\"editable\":true},\"list\":{\"label\":\"Builder_page\",\"searchable\":true,\"sortable\":true}},\"name\":{\"edit\":{\"label\":\"Name\",\"description\":\"\",\"placeholder\":\"\",\"visible\":true,\"editable\":true},\"list\":{\"label\":\"Name\",\"searchable\":true,\"sortable\":true}},\"created_at\":{\"edit\":{\"label\":\"Created_at\",\"description\":\"\",\"placeholder\":\"\",\"visible\":false,\"editable\":true},\"list\":{\"label\":\"Created_at\",\"searchable\":true,\"sortable\":true}},\"updated_at\":{\"edit\":{\"label\":\"Updated_at\",\"description\":\"\",\"placeholder\":\"\",\"visible\":false,\"editable\":true},\"list\":{\"label\":\"Updated_at\",\"searchable\":true,\"sortable\":true}}},\"layouts\":{\"list\":[\"id\",\"name\",\"builder_page\",\"created_at\"],\"editRelations\":[],\"edit\":[[{\"name\":\"builder_page\",\"size\":4},{\"name\":\"name\",\"size\":6}]]}}','object','',''),(91,'plugin_content_manager_configuration_content_types::application::layout.layout','{\"uid\":\"application::layout.layout\",\"settings\":{\"bulkable\":true,\"filterable\":true,\"searchable\":true,\"pageSize\":10,\"mainField\":\"name\",\"defaultSortBy\":\"name\",\"defaultSortOrder\":\"ASC\"},\"metadatas\":{\"Flyer\":{\"edit\":{\"label\":\"Flyer\",\"description\":\"\",\"placeholder\":\"\",\"visible\":true,\"editable\":true},\"list\":{\"label\":\"Flyer\",\"searchable\":false,\"sortable\":false}},\"mockup\":{\"edit\":{\"label\":\"Mockup\",\"description\":\"\",\"placeholder\":\"\",\"visible\":true,\"editable\":true},\"list\":{\"label\":\"Mockup\",\"searchable\":false,\"sortable\":false}},\"preview\":{\"edit\":{\"label\":\"Preview\",\"description\":\"\",\"placeholder\":\"\",\"visible\":true,\"editable\":true},\"list\":{\"label\":\"Preview\",\"searchable\":false,\"sortable\":false}},\"created_at\":{\"edit\":{\"label\":\"Created_at\",\"description\":\"\",\"placeholder\":\"\",\"visible\":false,\"editable\":true},\"list\":{\"label\":\"Created_at\",\"searchable\":true,\"sortable\":true}},\"name\":{\"edit\":{\"label\":\"Name\",\"description\":\"\",\"placeholder\":\"\",\"visible\":true,\"editable\":true},\"list\":{\"label\":\"Name\",\"searchable\":true,\"sortable\":true}},\"free\":{\"edit\":{\"label\":\"Free\",\"description\":\"\",\"placeholder\":\"\",\"visible\":true,\"editable\":true},\"list\":{\"label\":\"Free\",\"searchable\":true,\"sortable\":true}},\"card\":{\"edit\":{\"label\":\"Card\",\"description\":\"\",\"placeholder\":\"\",\"visible\":true,\"editable\":true},\"list\":{\"label\":\"Card\",\"searchable\":false,\"sortable\":false}},\"updated_at\":{\"edit\":{\"label\":\"Updated_at\",\"description\":\"\",\"placeholder\":\"\",\"visible\":false,\"editable\":true},\"list\":{\"label\":\"Updated_at\",\"searchable\":true,\"sortable\":true}},\"id\":{\"edit\":{},\"list\":{\"label\":\"Id\",\"searchable\":true,\"sortable\":true}},\"category\":{\"edit\":{\"label\":\"Category\",\"description\":\"\",\"placeholder\":\"\",\"visible\":true,\"editable\":true,\"mainField\":\"name\"},\"list\":{\"label\":\"Category\",\"searchable\":false,\"sortable\":false}},\"subcategory\":{\"edit\":{\"label\":\"Subcategory\",\"description\":\"\",\"placeholder\":\"\",\"visible\":true,\"editable\":true,\"mainField\":\"name\"},\"list\":{\"label\":\"Subcategory\",\"searchable\":false,\"sortable\":false}}},\"layouts\":{\"list\":[\"id\",\"name\",\"free\",\"preview\"],\"edit\":[[{\"name\":\"name\",\"size\":6},{\"name\":\"free\",\"size\":4}],[{\"name\":\"preview\",\"size\":6},{\"name\":\"card\",\"size\":6}],[{\"name\":\"mockup\",\"size\":6},{\"name\":\"Flyer\",\"size\":6}]],\"editRelations\":[\"category\",\"subcategory\"]}}','object','',''),(92,'plugin_content_manager_configuration_content_types::application::product-category.product-category','{\"uid\":\"application::product-category.product-category\",\"settings\":{\"bulkable\":true,\"filterable\":true,\"searchable\":true,\"pageSize\":10,\"mainField\":\"name\",\"defaultSortBy\":\"name\",\"defaultSortOrder\":\"ASC\"},\"metadatas\":{\"id\":{\"edit\":{},\"list\":{\"label\":\"Id\",\"searchable\":true,\"sortable\":true}},\"name\":{\"edit\":{\"label\":\"Name\",\"description\":\"\",\"placeholder\":\"\",\"visible\":true,\"editable\":true},\"list\":{\"label\":\"Name\",\"searchable\":true,\"sortable\":true}},\"product_subcategories\":{\"edit\":{\"label\":\"Product_subcategories\",\"description\":\"\",\"placeholder\":\"\",\"visible\":true,\"editable\":true,\"mainField\":\"name\"},\"list\":{\"label\":\"Product_subcategories\",\"searchable\":false,\"sortable\":false}},\"created_at\":{\"edit\":{\"label\":\"Created_at\",\"description\":\"\",\"placeholder\":\"\",\"visible\":false,\"editable\":true},\"list\":{\"label\":\"Created_at\",\"searchable\":true,\"sortable\":true}},\"updated_at\":{\"edit\":{\"label\":\"Updated_at\",\"description\":\"\",\"placeholder\":\"\",\"visible\":false,\"editable\":true},\"list\":{\"label\":\"Updated_at\",\"searchable\":true,\"sortable\":true}}},\"layouts\":{\"list\":[\"id\",\"name\",\"created_at\",\"updated_at\"],\"editRelations\":[\"product_subcategories\"],\"edit\":[[{\"name\":\"name\",\"size\":6}]]}}','object','',''),(93,'plugin_content_manager_configuration_content_types::application::product-subcategory.product-subcategory','{\"uid\":\"application::product-subcategory.product-subcategory\",\"settings\":{\"bulkable\":true,\"filterable\":true,\"searchable\":true,\"pageSize\":10,\"mainField\":\"name\",\"defaultSortBy\":\"name\",\"defaultSortOrder\":\"ASC\"},\"metadatas\":{\"id\":{\"edit\":{},\"list\":{\"label\":\"Id\",\"searchable\":true,\"sortable\":true}},\"name\":{\"edit\":{\"label\":\"Name\",\"description\":\"\",\"placeholder\":\"\",\"visible\":true,\"editable\":true},\"list\":{\"label\":\"Name\",\"searchable\":true,\"sortable\":true}},\"product_category\":{\"edit\":{\"label\":\"Product_category\",\"description\":\"\",\"placeholder\":\"\",\"visible\":true,\"editable\":true,\"mainField\":\"name\"},\"list\":{\"label\":\"Product_category\",\"searchable\":false,\"sortable\":false}},\"products\":{\"edit\":{\"label\":\"Products\",\"description\":\"\",\"placeholder\":\"\",\"visible\":true,\"editable\":true,\"mainField\":\"name\"},\"list\":{\"label\":\"Products\",\"searchable\":false,\"sortable\":false}},\"created_at\":{\"edit\":{\"label\":\"Created_at\",\"description\":\"\",\"placeholder\":\"\",\"visible\":false,\"editable\":true},\"list\":{\"label\":\"Created_at\",\"searchable\":true,\"sortable\":true}},\"updated_at\":{\"edit\":{\"label\":\"Updated_at\",\"description\":\"\",\"placeholder\":\"\",\"visible\":false,\"editable\":true},\"list\":{\"label\":\"Updated_at\",\"searchable\":true,\"sortable\":true}}},\"layouts\":{\"list\":[\"id\",\"name\",\"created_at\",\"updated_at\"],\"editRelations\":[\"product_category\",\"products\"],\"edit\":[[{\"name\":\"name\",\"size\":6}]]}}','object','',''),(94,'plugin_content_manager_configuration_content_types::application::product.product','{\"uid\":\"application::product.product\",\"settings\":{\"bulkable\":true,\"filterable\":true,\"searchable\":true,\"pageSize\":10,\"mainField\":\"name\",\"defaultSortBy\":\"name\",\"defaultSortOrder\":\"ASC\"},\"metadatas\":{\"id\":{\"edit\":{},\"list\":{\"label\":\"Id\",\"searchable\":true,\"sortable\":true}},\"name\":{\"edit\":{\"label\":\"Name\",\"description\":\"\",\"placeholder\":\"\",\"visible\":true,\"editable\":true},\"list\":{\"label\":\"Name\",\"searchable\":true,\"sortable\":true}},\"description\":{\"edit\":{\"label\":\"Description\",\"description\":\"\",\"placeholder\":\"\",\"visible\":true,\"editable\":true},\"list\":{\"label\":\"Description\",\"searchable\":true,\"sortable\":true}},\"price\":{\"edit\":{\"label\":\"Price\",\"description\":\"\",\"placeholder\":\"\",\"visible\":true,\"editable\":true},\"list\":{\"label\":\"Price\",\"searchable\":true,\"sortable\":true}},\"photos\":{\"edit\":{\"label\":\"Photos\",\"description\":\"\",\"placeholder\":\"\",\"visible\":true,\"editable\":true},\"list\":{\"label\":\"Photos\",\"searchable\":false,\"sortable\":false}},\"quantity\":{\"edit\":{\"label\":\"Quantity\",\"description\":\"\",\"placeholder\":\"\",\"visible\":true,\"editable\":true},\"list\":{\"label\":\"Quantity\",\"searchable\":true,\"sortable\":true}},\"status\":{\"edit\":{\"label\":\"Status\",\"description\":\"\",\"placeholder\":\"\",\"visible\":true,\"editable\":true},\"list\":{\"label\":\"Status\",\"searchable\":true,\"sortable\":true}},\"business\":{\"edit\":{\"label\":\"Business\",\"description\":\"\",\"placeholder\":\"\",\"visible\":true,\"editable\":true,\"mainField\":\"name\"},\"list\":{\"label\":\"Business\",\"searchable\":false,\"sortable\":false}},\"product_subcategory\":{\"edit\":{\"label\":\"Product_subcategory\",\"description\":\"\",\"placeholder\":\"\",\"visible\":true,\"editable\":true,\"mainField\":\"name\"},\"list\":{\"label\":\"Product_subcategory\",\"searchable\":false,\"sortable\":false}},\"featured\":{\"edit\":{\"label\":\"Featured\",\"description\":\"\",\"placeholder\":\"\",\"visible\":true,\"editable\":true},\"list\":{\"label\":\"Featured\",\"searchable\":true,\"sortable\":true}},\"stock\":{\"edit\":{\"label\":\"Stock\",\"description\":\"\",\"placeholder\":\"\",\"visible\":true,\"editable\":true},\"list\":{\"label\":\"Stock\",\"searchable\":true,\"sortable\":true}},\"created_at\":{\"edit\":{\"label\":\"Created_at\",\"description\":\"\",\"placeholder\":\"\",\"visible\":false,\"editable\":true},\"list\":{\"label\":\"Created_at\",\"searchable\":true,\"sortable\":true}},\"updated_at\":{\"edit\":{\"label\":\"Updated_at\",\"description\":\"\",\"placeholder\":\"\",\"visible\":false,\"editable\":true},\"list\":{\"label\":\"Updated_at\",\"searchable\":true,\"sortable\":true}}},\"layouts\":{\"list\":[\"id\",\"name\",\"description\",\"price\"],\"edit\":[[{\"name\":\"name\",\"size\":6},{\"name\":\"description\",\"size\":6}],[{\"name\":\"price\",\"size\":4},{\"name\":\"photos\",\"size\":6}],[{\"name\":\"quantity\",\"size\":4},{\"name\":\"status\",\"size\":4},{\"name\":\"featured\",\"size\":4}],[{\"name\":\"stock\",\"size\":4}]],\"editRelations\":[\"business\",\"product_subcategory\"]}}','object','',''),(95,'plugin_content_manager_configuration_content_types::application::subcategory.subcategory','{\"uid\":\"application::subcategory.subcategory\",\"settings\":{\"bulkable\":true,\"filterable\":true,\"searchable\":true,\"pageSize\":10,\"mainField\":\"name\",\"defaultSortBy\":\"name\",\"defaultSortOrder\":\"ASC\"},\"metadatas\":{\"id\":{\"edit\":{},\"list\":{\"label\":\"Id\",\"searchable\":true,\"sortable\":true}},\"name\":{\"edit\":{\"label\":\"Name\",\"description\":\"\",\"placeholder\":\"\",\"visible\":true,\"editable\":true},\"list\":{\"label\":\"Name\",\"searchable\":true,\"sortable\":true}},\"category\":{\"edit\":{\"label\":\"Category\",\"description\":\"\",\"placeholder\":\"\",\"visible\":true,\"editable\":true,\"mainField\":\"name\"},\"list\":{\"label\":\"Category\",\"searchable\":false,\"sortable\":false}},\"description\":{\"edit\":{\"label\":\"Description\",\"description\":\"\",\"placeholder\":\"\",\"visible\":true,\"editable\":true},\"list\":{\"label\":\"Description\",\"searchable\":true,\"sortable\":true}},\"layouts\":{\"edit\":{\"label\":\"Layouts\",\"description\":\"\",\"placeholder\":\"\",\"visible\":true,\"editable\":true,\"mainField\":\"name\"},\"list\":{\"label\":\"Layouts\",\"searchable\":false,\"sortable\":false}},\"created_at\":{\"edit\":{\"label\":\"Created_at\",\"description\":\"\",\"placeholder\":\"\",\"visible\":false,\"editable\":true},\"list\":{\"label\":\"Created_at\",\"searchable\":true,\"sortable\":true}},\"updated_at\":{\"edit\":{\"label\":\"Updated_at\",\"description\":\"\",\"placeholder\":\"\",\"visible\":false,\"editable\":true},\"list\":{\"label\":\"Updated_at\",\"searchable\":true,\"sortable\":true}}},\"layouts\":{\"list\":[\"id\",\"name\",\"created_at\"],\"edit\":[[{\"name\":\"name\",\"size\":6},{\"name\":\"description\",\"size\":6}]],\"editRelations\":[\"category\",\"layouts\"]}}','object','',''),(96,'plugin_content_manager_configuration_content_types::application::subscribers.subscribers','{\"uid\":\"application::subscribers.subscribers\",\"settings\":{\"bulkable\":true,\"filterable\":true,\"searchable\":true,\"pageSize\":10,\"mainField\":\"id\",\"defaultSortBy\":\"id\",\"defaultSortOrder\":\"ASC\"},\"metadatas\":{\"id\":{\"edit\":{},\"list\":{\"label\":\"Id\",\"searchable\":true,\"sortable\":true}},\"subscriber_email\":{\"edit\":{\"label\":\"Subscriber_email\",\"description\":\"\",\"placeholder\":\"\",\"visible\":true,\"editable\":true},\"list\":{\"label\":\"Subscriber_email\",\"searchable\":true,\"sortable\":true}},\"business\":{\"edit\":{\"label\":\"Business\",\"description\":\"\",\"placeholder\":\"\",\"visible\":true,\"editable\":true,\"mainField\":\"name\"},\"list\":{\"label\":\"Business\",\"searchable\":false,\"sortable\":false}},\"created_at\":{\"edit\":{\"label\":\"Created_at\",\"description\":\"\",\"placeholder\":\"\",\"visible\":false,\"editable\":true},\"list\":{\"label\":\"Created_at\",\"searchable\":true,\"sortable\":true}},\"updated_at\":{\"edit\":{\"label\":\"Updated_at\",\"description\":\"\",\"placeholder\":\"\",\"visible\":false,\"editable\":true},\"list\":{\"label\":\"Updated_at\",\"searchable\":true,\"sortable\":true}}},\"layouts\":{\"list\":[\"id\",\"subscriber_email\",\"created_at\",\"updated_at\"],\"edit\":[[{\"name\":\"subscriber_email\",\"size\":6}]],\"editRelations\":[\"business\"]}}','object','',''),(97,'plugin_content_manager_configuration_content_types::application::testimonial.testimonial','{\"uid\":\"application::testimonial.testimonial\",\"settings\":{\"bulkable\":true,\"filterable\":true,\"searchable\":true,\"pageSize\":10,\"mainField\":\"title\",\"defaultSortBy\":\"title\",\"defaultSortOrder\":\"ASC\"},\"metadatas\":{\"id\":{\"edit\":{},\"list\":{\"label\":\"Id\",\"searchable\":true,\"sortable\":true}},\"title\":{\"edit\":{\"label\":\"Title\",\"description\":\"\",\"placeholder\":\"\",\"visible\":true,\"editable\":true},\"list\":{\"label\":\"Title\",\"searchable\":true,\"sortable\":true}},\"description\":{\"edit\":{\"label\":\"Description\",\"description\":\"\",\"placeholder\":\"\",\"visible\":true,\"editable\":true},\"list\":{\"label\":\"Description\",\"searchable\":true,\"sortable\":true}},\"sender\":{\"edit\":{\"label\":\"Sender\",\"description\":\"\",\"placeholder\":\"\",\"visible\":true,\"editable\":true},\"list\":{\"label\":\"Sender\",\"searchable\":true,\"sortable\":true}},\"sender_image\":{\"edit\":{\"label\":\"Sender_image\",\"description\":\"\",\"placeholder\":\"\",\"visible\":true,\"editable\":true},\"list\":{\"label\":\"Sender_image\",\"searchable\":false,\"sortable\":false}},\"business\":{\"edit\":{\"label\":\"Business\",\"description\":\"\",\"placeholder\":\"\",\"visible\":true,\"editable\":true,\"mainField\":\"name\"},\"list\":{\"label\":\"Business\",\"searchable\":false,\"sortable\":false}},\"created_at\":{\"edit\":{\"label\":\"Created_at\",\"description\":\"\",\"placeholder\":\"\",\"visible\":false,\"editable\":true},\"list\":{\"label\":\"Created_at\",\"searchable\":true,\"sortable\":true}},\"updated_at\":{\"edit\":{\"label\":\"Updated_at\",\"description\":\"\",\"placeholder\":\"\",\"visible\":false,\"editable\":true},\"list\":{\"label\":\"Updated_at\",\"searchable\":true,\"sortable\":true}}},\"layouts\":{\"list\":[\"id\",\"title\",\"description\",\"sender\"],\"editRelations\":[\"business\"],\"edit\":[[{\"name\":\"title\",\"size\":6},{\"name\":\"description\",\"size\":6}],[{\"name\":\"sender\",\"size\":6},{\"name\":\"sender_image\",\"size\":6}]]}}','object','',''),(98,'plugin_content_manager_configuration_content_types::application::top-banner.top-banner','{\"uid\":\"application::top-banner.top-banner\",\"settings\":{\"bulkable\":true,\"filterable\":true,\"searchable\":true,\"pageSize\":10,\"mainField\":\"id\",\"defaultSortBy\":\"id\",\"defaultSortOrder\":\"ASC\"},\"metadatas\":{\"id\":{\"edit\":{},\"list\":{\"label\":\"Id\",\"searchable\":true,\"sortable\":true}},\"topbannerimage\":{\"edit\":{\"label\":\"Topbannerimage\",\"description\":\"\",\"placeholder\":\"\",\"visible\":true,\"editable\":true},\"list\":{\"label\":\"Topbannerimage\",\"searchable\":false,\"sortable\":false}},\"business\":{\"edit\":{\"label\":\"Business\",\"description\":\"\",\"placeholder\":\"\",\"visible\":true,\"editable\":true,\"mainField\":\"name\"},\"list\":{\"label\":\"Business\",\"searchable\":false,\"sortable\":false}},\"created_at\":{\"edit\":{\"label\":\"Created_at\",\"description\":\"\",\"placeholder\":\"\",\"visible\":false,\"editable\":true},\"list\":{\"label\":\"Created_at\",\"searchable\":true,\"sortable\":true}},\"updated_at\":{\"edit\":{\"label\":\"Updated_at\",\"description\":\"\",\"placeholder\":\"\",\"visible\":false,\"editable\":true},\"list\":{\"label\":\"Updated_at\",\"searchable\":true,\"sortable\":true}}},\"layouts\":{\"list\":[\"id\",\"topbannerimage\",\"created_at\",\"updated_at\"],\"editRelations\":[\"business\"],\"edit\":[[{\"name\":\"topbannerimage\",\"size\":6}]]}}','object','',''),(99,'plugin_content_manager_configuration_content_types::plugins::upload.file','{\"uid\":\"plugins::upload.file\",\"settings\":{\"bulkable\":true,\"filterable\":true,\"searchable\":true,\"pageSize\":10,\"mainField\":\"name\",\"defaultSortBy\":\"name\",\"defaultSortOrder\":\"ASC\"},\"metadatas\":{\"id\":{\"edit\":{},\"list\":{\"label\":\"Id\",\"searchable\":true,\"sortable\":true}},\"name\":{\"edit\":{\"label\":\"Name\",\"description\":\"\",\"placeholder\":\"\",\"visible\":true,\"editable\":true},\"list\":{\"label\":\"Name\",\"searchable\":true,\"sortable\":true}},\"alternativeText\":{\"edit\":{\"label\":\"AlternativeText\",\"description\":\"\",\"placeholder\":\"\",\"visible\":true,\"editable\":true},\"list\":{\"label\":\"AlternativeText\",\"searchable\":true,\"sortable\":true}},\"caption\":{\"edit\":{\"label\":\"Caption\",\"description\":\"\",\"placeholder\":\"\",\"visible\":true,\"editable\":true},\"list\":{\"label\":\"Caption\",\"searchable\":true,\"sortable\":true}},\"width\":{\"edit\":{\"label\":\"Width\",\"description\":\"\",\"placeholder\":\"\",\"visible\":true,\"editable\":true},\"list\":{\"label\":\"Width\",\"searchable\":true,\"sortable\":true}},\"height\":{\"edit\":{\"label\":\"Height\",\"description\":\"\",\"placeholder\":\"\",\"visible\":true,\"editable\":true},\"list\":{\"label\":\"Height\",\"searchable\":true,\"sortable\":true}},\"formats\":{\"edit\":{\"label\":\"Formats\",\"description\":\"\",\"placeholder\":\"\",\"visible\":true,\"editable\":true},\"list\":{\"label\":\"Formats\",\"searchable\":false,\"sortable\":false}},\"hash\":{\"edit\":{\"label\":\"Hash\",\"description\":\"\",\"placeholder\":\"\",\"visible\":true,\"editable\":true},\"list\":{\"label\":\"Hash\",\"searchable\":true,\"sortable\":true}},\"ext\":{\"edit\":{\"label\":\"Ext\",\"description\":\"\",\"placeholder\":\"\",\"visible\":true,\"editable\":true},\"list\":{\"label\":\"Ext\",\"searchable\":true,\"sortable\":true}},\"mime\":{\"edit\":{\"label\":\"Mime\",\"description\":\"\",\"placeholder\":\"\",\"visible\":true,\"editable\":true},\"list\":{\"label\":\"Mime\",\"searchable\":true,\"sortable\":true}},\"size\":{\"edit\":{\"label\":\"Size\",\"description\":\"\",\"placeholder\":\"\",\"visible\":true,\"editable\":true},\"list\":{\"label\":\"Size\",\"searchable\":true,\"sortable\":true}},\"url\":{\"edit\":{\"label\":\"Url\",\"description\":\"\",\"placeholder\":\"\",\"visible\":true,\"editable\":true},\"list\":{\"label\":\"Url\",\"searchable\":true,\"sortable\":true}},\"previewUrl\":{\"edit\":{\"label\":\"PreviewUrl\",\"description\":\"\",\"placeholder\":\"\",\"visible\":true,\"editable\":true},\"list\":{\"label\":\"PreviewUrl\",\"searchable\":true,\"sortable\":true}},\"provider\":{\"edit\":{\"label\":\"Provider\",\"description\":\"\",\"placeholder\":\"\",\"visible\":true,\"editable\":true},\"list\":{\"label\":\"Provider\",\"searchable\":true,\"sortable\":true}},\"provider_metadata\":{\"edit\":{\"label\":\"Provider_metadata\",\"description\":\"\",\"placeholder\":\"\",\"visible\":true,\"editable\":true},\"list\":{\"label\":\"Provider_metadata\",\"searchable\":false,\"sortable\":false}},\"related\":{\"edit\":{\"label\":\"Related\",\"description\":\"\",\"placeholder\":\"\",\"visible\":true,\"editable\":true,\"mainField\":\"id\"},\"list\":{\"label\":\"Related\",\"searchable\":false,\"sortable\":false}},\"created_at\":{\"edit\":{\"label\":\"Created_at\",\"description\":\"\",\"placeholder\":\"\",\"visible\":false,\"editable\":true},\"list\":{\"label\":\"Created_at\",\"searchable\":true,\"sortable\":true}},\"updated_at\":{\"edit\":{\"label\":\"Updated_at\",\"description\":\"\",\"placeholder\":\"\",\"visible\":false,\"editable\":true},\"list\":{\"label\":\"Updated_at\",\"searchable\":true,\"sortable\":true}}},\"layouts\":{\"list\":[\"id\",\"name\",\"alternativeText\",\"caption\"],\"editRelations\":[\"related\"],\"edit\":[[{\"name\":\"name\",\"size\":6},{\"name\":\"alternativeText\",\"size\":6}],[{\"name\":\"caption\",\"size\":6},{\"name\":\"width\",\"size\":4}],[{\"name\":\"height\",\"size\":4}],[{\"name\":\"formats\",\"size\":12}],[{\"name\":\"hash\",\"size\":6},{\"name\":\"ext\",\"size\":6}],[{\"name\":\"mime\",\"size\":6},{\"name\":\"size\",\"size\":4}],[{\"name\":\"url\",\"size\":6},{\"name\":\"previewUrl\",\"size\":6}],[{\"name\":\"provider\",\"size\":6}],[{\"name\":\"provider_metadata\",\"size\":12}]]}}','object','',''),(100,'plugin_content_manager_configuration_content_types::plugins::users-permissions.permission','{\"uid\":\"plugins::users-permissions.permission\",\"settings\":{\"bulkable\":true,\"filterable\":true,\"searchable\":true,\"pageSize\":10,\"mainField\":\"type\",\"defaultSortBy\":\"type\",\"defaultSortOrder\":\"ASC\"},\"metadatas\":{\"id\":{\"edit\":{},\"list\":{\"label\":\"Id\",\"searchable\":true,\"sortable\":true}},\"type\":{\"edit\":{\"label\":\"Type\",\"description\":\"\",\"placeholder\":\"\",\"visible\":true,\"editable\":true},\"list\":{\"label\":\"Type\",\"searchable\":true,\"sortable\":true}},\"controller\":{\"edit\":{\"label\":\"Controller\",\"description\":\"\",\"placeholder\":\"\",\"visible\":true,\"editable\":true},\"list\":{\"label\":\"Controller\",\"searchable\":true,\"sortable\":true}},\"action\":{\"edit\":{\"label\":\"Action\",\"description\":\"\",\"placeholder\":\"\",\"visible\":true,\"editable\":true},\"list\":{\"label\":\"Action\",\"searchable\":true,\"sortable\":true}},\"enabled\":{\"edit\":{\"label\":\"Enabled\",\"description\":\"\",\"placeholder\":\"\",\"visible\":true,\"editable\":true},\"list\":{\"label\":\"Enabled\",\"searchable\":true,\"sortable\":true}},\"policy\":{\"edit\":{\"label\":\"Policy\",\"description\":\"\",\"placeholder\":\"\",\"visible\":true,\"editable\":true},\"list\":{\"label\":\"Policy\",\"searchable\":true,\"sortable\":true}},\"role\":{\"edit\":{\"label\":\"Role\",\"description\":\"\",\"placeholder\":\"\",\"visible\":true,\"editable\":true,\"mainField\":\"name\"},\"list\":{\"label\":\"Role\",\"searchable\":false,\"sortable\":false}}},\"layouts\":{\"list\":[\"id\",\"type\",\"controller\",\"action\"],\"editRelations\":[\"role\"],\"edit\":[[{\"name\":\"type\",\"size\":6},{\"name\":\"controller\",\"size\":6}],[{\"name\":\"action\",\"size\":6},{\"name\":\"enabled\",\"size\":4}],[{\"name\":\"policy\",\"size\":6}]]}}','object','',''),(101,'plugin_content_manager_configuration_content_types::plugins::users-permissions.role','{\"uid\":\"plugins::users-permissions.role\",\"settings\":{\"bulkable\":true,\"filterable\":true,\"searchable\":true,\"pageSize\":10,\"mainField\":\"name\",\"defaultSortBy\":\"name\",\"defaultSortOrder\":\"ASC\"},\"metadatas\":{\"id\":{\"edit\":{},\"list\":{\"label\":\"Id\",\"searchable\":true,\"sortable\":true}},\"name\":{\"edit\":{\"label\":\"Name\",\"description\":\"\",\"placeholder\":\"\",\"visible\":true,\"editable\":true},\"list\":{\"label\":\"Name\",\"searchable\":true,\"sortable\":true}},\"description\":{\"edit\":{\"label\":\"Description\",\"description\":\"\",\"placeholder\":\"\",\"visible\":true,\"editable\":true},\"list\":{\"label\":\"Description\",\"searchable\":true,\"sortable\":true}},\"type\":{\"edit\":{\"label\":\"Type\",\"description\":\"\",\"placeholder\":\"\",\"visible\":true,\"editable\":true},\"list\":{\"label\":\"Type\",\"searchable\":true,\"sortable\":true}},\"permissions\":{\"edit\":{\"label\":\"Permissions\",\"description\":\"\",\"placeholder\":\"\",\"visible\":true,\"editable\":true,\"mainField\":\"type\"},\"list\":{\"label\":\"Permissions\",\"searchable\":false,\"sortable\":false}},\"users\":{\"edit\":{\"label\":\"Users\",\"description\":\"\",\"placeholder\":\"\",\"visible\":true,\"editable\":true,\"mainField\":\"username\"},\"list\":{\"label\":\"Users\",\"searchable\":false,\"sortable\":false}}},\"layouts\":{\"list\":[\"id\",\"name\",\"description\",\"type\"],\"editRelations\":[\"permissions\",\"users\"],\"edit\":[[{\"name\":\"name\",\"size\":6},{\"name\":\"description\",\"size\":6}],[{\"name\":\"type\",\"size\":6}]]}}','object','',''),(102,'plugin_content_manager_configuration_content_types::strapi::administrator','{\"uid\":\"strapi::administrator\",\"settings\":{\"bulkable\":true,\"filterable\":true,\"searchable\":true,\"pageSize\":10,\"mainField\":\"username\",\"defaultSortBy\":\"username\",\"defaultSortOrder\":\"ASC\"},\"metadatas\":{\"id\":{\"edit\":{},\"list\":{\"label\":\"Id\",\"searchable\":true,\"sortable\":true}},\"username\":{\"edit\":{\"label\":\"Username\",\"description\":\"\",\"placeholder\":\"\",\"visible\":true,\"editable\":true},\"list\":{\"label\":\"Username\",\"searchable\":true,\"sortable\":true}},\"email\":{\"edit\":{\"label\":\"Email\",\"description\":\"\",\"placeholder\":\"\",\"visible\":true,\"editable\":true},\"list\":{\"label\":\"Email\",\"searchable\":true,\"sortable\":true}},\"password\":{\"edit\":{\"label\":\"Password\",\"description\":\"\",\"placeholder\":\"\",\"visible\":true,\"editable\":true},\"list\":{\"label\":\"Password\",\"searchable\":true,\"sortable\":true}},\"resetPasswordToken\":{\"edit\":{\"label\":\"ResetPasswordToken\",\"description\":\"\",\"placeholder\":\"\",\"visible\":false,\"editable\":true},\"list\":{\"label\":\"ResetPasswordToken\",\"searchable\":true,\"sortable\":true}},\"blocked\":{\"edit\":{\"label\":\"Blocked\",\"description\":\"\",\"placeholder\":\"\",\"visible\":true,\"editable\":true},\"list\":{\"label\":\"Blocked\",\"searchable\":true,\"sortable\":true}}},\"layouts\":{\"list\":[\"id\",\"username\",\"email\",\"blocked\"],\"editRelations\":[],\"edit\":[[{\"name\":\"username\",\"size\":6},{\"name\":\"email\",\"size\":6}],[{\"name\":\"password\",\"size\":6},{\"name\":\"blocked\",\"size\":4}]]}}','object','',''),(103,'plugin_content_manager_configuration_content_types::plugins::users-permissions.user','{\"uid\":\"plugins::users-permissions.user\",\"settings\":{\"bulkable\":true,\"filterable\":true,\"searchable\":true,\"pageSize\":10,\"mainField\":\"username\",\"defaultSortBy\":\"username\",\"defaultSortOrder\":\"ASC\"},\"metadatas\":{\"id\":{\"edit\":{},\"list\":{\"label\":\"Id\",\"searchable\":true,\"sortable\":true}},\"username\":{\"edit\":{\"label\":\"Username\",\"description\":\"\",\"placeholder\":\"\",\"visible\":true,\"editable\":true},\"list\":{\"label\":\"Username\",\"searchable\":true,\"sortable\":true}},\"email\":{\"edit\":{\"label\":\"Email\",\"description\":\"\",\"placeholder\":\"\",\"visible\":true,\"editable\":true},\"list\":{\"label\":\"Email\",\"searchable\":true,\"sortable\":true}},\"provider\":{\"edit\":{\"label\":\"Provider\",\"description\":\"\",\"placeholder\":\"\",\"visible\":false,\"editable\":true},\"list\":{\"label\":\"Provider\",\"searchable\":true,\"sortable\":true}},\"password\":{\"edit\":{\"label\":\"Password\",\"description\":\"\",\"placeholder\":\"\",\"visible\":true,\"editable\":true},\"list\":{\"label\":\"Password\",\"searchable\":true,\"sortable\":true}},\"resetPasswordToken\":{\"edit\":{\"label\":\"ResetPasswordToken\",\"description\":\"\",\"placeholder\":\"\",\"visible\":false,\"editable\":true},\"list\":{\"label\":\"ResetPasswordToken\",\"searchable\":true,\"sortable\":true}},\"confirmed\":{\"edit\":{\"label\":\"Confirmed\",\"description\":\"\",\"placeholder\":\"\",\"visible\":true,\"editable\":true},\"list\":{\"label\":\"Confirmed\",\"searchable\":true,\"sortable\":true}},\"blocked\":{\"edit\":{\"label\":\"Blocked\",\"description\":\"\",\"placeholder\":\"\",\"visible\":true,\"editable\":true},\"list\":{\"label\":\"Blocked\",\"searchable\":true,\"sortable\":true}},\"role\":{\"edit\":{\"label\":\"Role\",\"description\":\"\",\"placeholder\":\"\",\"visible\":true,\"editable\":true,\"mainField\":\"name\"},\"list\":{\"label\":\"Role\",\"searchable\":false,\"sortable\":false}},\"fullname\":{\"edit\":{\"label\":\"Fullname\",\"description\":\"\",\"placeholder\":\"\",\"visible\":true,\"editable\":true},\"list\":{\"label\":\"Fullname\",\"searchable\":true,\"sortable\":true}},\"phone\":{\"edit\":{\"label\":\"Phone\",\"description\":\"\",\"placeholder\":\"\",\"visible\":true,\"editable\":true},\"list\":{\"label\":\"Phone\",\"searchable\":true,\"sortable\":true}},\"address\":{\"edit\":{\"label\":\"Address\",\"description\":\"\",\"placeholder\":\"\",\"visible\":true,\"editable\":true},\"list\":{\"label\":\"Address\",\"searchable\":true,\"sortable\":true}},\"city\":{\"edit\":{\"label\":\"City\",\"description\":\"\",\"placeholder\":\"\",\"visible\":true,\"editable\":true},\"list\":{\"label\":\"City\",\"searchable\":true,\"sortable\":true}},\"state\":{\"edit\":{\"label\":\"State\",\"description\":\"\",\"placeholder\":\"\",\"visible\":true,\"editable\":true},\"list\":{\"label\":\"State\",\"searchable\":true,\"sortable\":true}},\"zip\":{\"edit\":{\"label\":\"Zip\",\"description\":\"\",\"placeholder\":\"\",\"visible\":true,\"editable\":true},\"list\":{\"label\":\"Zip\",\"searchable\":true,\"sortable\":true}},\"country\":{\"edit\":{\"label\":\"Country\",\"description\":\"\",\"placeholder\":\"\",\"visible\":true,\"editable\":true},\"list\":{\"label\":\"Country\",\"searchable\":true,\"sortable\":true}},\"avatar\":{\"edit\":{\"label\":\"Avatar\",\"description\":\"\",\"placeholder\":\"\",\"visible\":true,\"editable\":true},\"list\":{\"label\":\"Avatar\",\"searchable\":false,\"sortable\":false}},\"business\":{\"edit\":{\"label\":\"Business\",\"description\":\"\",\"placeholder\":\"\",\"visible\":true,\"editable\":true,\"mainField\":\"name\"},\"list\":{\"label\":\"Business\",\"searchable\":false,\"sortable\":false}},\"layout\":{\"edit\":{\"label\":\"Layout\",\"description\":\"\",\"placeholder\":\"\",\"visible\":true,\"editable\":true,\"mainField\":\"name\"},\"list\":{\"label\":\"Layout\",\"searchable\":false,\"sortable\":false}},\"created_at\":{\"edit\":{\"label\":\"Created_at\",\"description\":\"\",\"placeholder\":\"\",\"visible\":false,\"editable\":true},\"list\":{\"label\":\"Created_at\",\"searchable\":true,\"sortable\":true}},\"updated_at\":{\"edit\":{\"label\":\"Updated_at\",\"description\":\"\",\"placeholder\":\"\",\"visible\":false,\"editable\":true},\"list\":{\"label\":\"Updated_at\",\"searchable\":true,\"sortable\":true}}},\"layouts\":{\"list\":[\"id\",\"username\",\"email\",\"confirmed\"],\"edit\":[[{\"name\":\"username\",\"size\":6},{\"name\":\"email\",\"size\":6}],[{\"name\":\"password\",\"size\":6},{\"name\":\"confirmed\",\"size\":4}],[{\"name\":\"blocked\",\"size\":4},{\"name\":\"fullname\",\"size\":6}],[{\"name\":\"phone\",\"size\":6},{\"name\":\"address\",\"size\":6}],[{\"name\":\"city\",\"size\":6},{\"name\":\"state\",\"size\":6}],[{\"name\":\"zip\",\"size\":4},{\"name\":\"country\",\"size\":6}],[{\"name\":\"avatar\",\"size\":6}]],\"editRelations\":[\"role\",\"business\",\"layout\"]}}','object','',''),(104,'plugin_users-permissions_email','{\"reset_password\":{\"display\":\"Email.template.reset_password\",\"icon\":\"sync\",\"options\":{\"from\":{\"name\":\"Administration Panel\",\"email\":\"no-reply@strapi.io\"},\"response_email\":\"\",\"object\":\"Reset password\",\"message\":\"<p>We heard that you lost your password. Sorry about that!</p>\\n\\n<p>But don’t worry! You can use the following link to reset your password:</p>\\n<p><%= URL %>?code=<%= TOKEN %></p>\\n\\n<p>Thanks.</p>\"}},\"email_confirmation\":{\"display\":\"Email.template.email_confirmation\",\"icon\":\"check-square\",\"options\":{\"from\":{\"name\":\"Administration Panel\",\"email\":\"no-reply@strapi.io\"},\"response_email\":\"\",\"object\":\"Account confirmation\",\"message\":\"<p>Thank you for registering!</p>\\n\\n<p>You have to confirm your email address. Please click on the link below.</p>\\n\\n<p><%= URL %>?confirmation=<%= CODE %></p>\\n\\n<p>Thanks.</p>\"}}}','object','',''),(105,'plugin_users-permissions_advanced','{\"unique_email\":true,\"allow_register\":true,\"email_confirmation\":false,\"email_confirmation_redirection\":\"/admin/admin\",\"email_reset_password\":\"/admin/admin\",\"default_role\":\"authenticated\"}','object','',''),(106,'db_model_order_items','{\"name\":{\"type\":\"string\"},\"product\":{\"model\":\"product\"},\"order\":{\"via\":\"order_items\",\"model\":\"order\"},\"price\":{\"type\":\"float\"},\"quantity\":{\"type\":\"integer\"},\"created_at\":{\"type\":\"currentTimestamp\"},\"updated_at\":{\"type\":\"currentTimestamp\"}}','object',NULL,NULL),(107,'db_model_orders','{\"phone\":{\"type\":\"string\"},\"name\":{\"type\":\"string\"},\"shipping_address\":{\"type\":\"string\"},\"total\":{\"type\":\"float\"},\"subtotal\":{\"type\":\"float\"},\"discount\":{\"type\":\"decimal\"},\"paid\":{\"type\":\"boolean\",\"default\":false},\"business\":{\"model\":\"business\",\"via\":\"orders\"},\"order_items\":{\"collection\":\"order-item\",\"via\":\"order\",\"isVirtual\":true},\"email\":{\"type\":\"email\"},\"created_at\":{\"type\":\"currentTimestamp\"},\"updated_at\":{\"type\":\"currentTimestamp\"}}','object',NULL,NULL),(108,'plugin_content_manager_configuration_content_types::application::order-item.order-item','{\"uid\":\"application::order-item.order-item\",\"settings\":{\"bulkable\":true,\"filterable\":true,\"searchable\":true,\"pageSize\":10,\"mainField\":\"name\",\"defaultSortBy\":\"name\",\"defaultSortOrder\":\"ASC\"},\"metadatas\":{\"id\":{\"edit\":{},\"list\":{\"label\":\"Id\",\"searchable\":true,\"sortable\":true}},\"name\":{\"edit\":{\"label\":\"Name\",\"description\":\"\",\"placeholder\":\"\",\"visible\":true,\"editable\":true},\"list\":{\"label\":\"Name\",\"searchable\":true,\"sortable\":true}},\"product\":{\"edit\":{\"label\":\"Product\",\"description\":\"\",\"placeholder\":\"\",\"visible\":true,\"editable\":true,\"mainField\":\"name\"},\"list\":{\"label\":\"Product\",\"searchable\":false,\"sortable\":false}},\"order\":{\"edit\":{\"label\":\"Order\",\"description\":\"\",\"placeholder\":\"\",\"visible\":true,\"editable\":true,\"mainField\":\"phone\"},\"list\":{\"label\":\"Order\",\"searchable\":false,\"sortable\":false}},\"price\":{\"edit\":{\"label\":\"Price\",\"description\":\"\",\"placeholder\":\"\",\"visible\":true,\"editable\":true},\"list\":{\"label\":\"Price\",\"searchable\":true,\"sortable\":true}},\"quantity\":{\"edit\":{\"label\":\"Quantity\",\"description\":\"\",\"placeholder\":\"\",\"visible\":true,\"editable\":true},\"list\":{\"label\":\"Quantity\",\"searchable\":true,\"sortable\":true}},\"created_at\":{\"edit\":{\"label\":\"Created_at\",\"description\":\"\",\"placeholder\":\"\",\"visible\":false,\"editable\":true},\"list\":{\"label\":\"Created_at\",\"searchable\":true,\"sortable\":true}},\"updated_at\":{\"edit\":{\"label\":\"Updated_at\",\"description\":\"\",\"placeholder\":\"\",\"visible\":false,\"editable\":true},\"list\":{\"label\":\"Updated_at\",\"searchable\":true,\"sortable\":true}}},\"layouts\":{\"list\":[\"id\",\"name\",\"price\",\"quantity\"],\"edit\":[[{\"name\":\"name\",\"size\":6},{\"name\":\"price\",\"size\":4}],[{\"name\":\"quantity\",\"size\":4}]],\"editRelations\":[\"product\",\"order\"]}}','object','',''),(109,'plugin_content_manager_configuration_content_types::application::order.order','{\"uid\":\"application::order.order\",\"settings\":{\"bulkable\":true,\"filterable\":true,\"searchable\":true,\"pageSize\":10,\"mainField\":\"phone\",\"defaultSortBy\":\"phone\",\"defaultSortOrder\":\"ASC\"},\"metadatas\":{\"id\":{\"edit\":{},\"list\":{\"label\":\"Id\",\"searchable\":true,\"sortable\":true}},\"phone\":{\"edit\":{\"label\":\"Phone\",\"description\":\"\",\"placeholder\":\"\",\"visible\":true,\"editable\":true},\"list\":{\"label\":\"Phone\",\"searchable\":true,\"sortable\":true}},\"name\":{\"edit\":{\"label\":\"Name\",\"description\":\"\",\"placeholder\":\"\",\"visible\":true,\"editable\":true},\"list\":{\"label\":\"Name\",\"searchable\":true,\"sortable\":true}},\"shipping_address\":{\"edit\":{\"label\":\"Shipping_address\",\"description\":\"\",\"placeholder\":\"\",\"visible\":true,\"editable\":true},\"list\":{\"label\":\"Shipping_address\",\"searchable\":true,\"sortable\":true}},\"total\":{\"edit\":{\"label\":\"Total\",\"description\":\"\",\"placeholder\":\"\",\"visible\":true,\"editable\":true},\"list\":{\"label\":\"Total\",\"searchable\":true,\"sortable\":true}},\"subtotal\":{\"edit\":{\"label\":\"Subtotal\",\"description\":\"\",\"placeholder\":\"\",\"visible\":true,\"editable\":true},\"list\":{\"label\":\"Subtotal\",\"searchable\":true,\"sortable\":true}},\"discount\":{\"edit\":{\"label\":\"Discount\",\"description\":\"\",\"placeholder\":\"\",\"visible\":true,\"editable\":true},\"list\":{\"label\":\"Discount\",\"searchable\":true,\"sortable\":true}},\"paid\":{\"edit\":{\"label\":\"Paid\",\"description\":\"\",\"placeholder\":\"\",\"visible\":true,\"editable\":true},\"list\":{\"label\":\"Paid\",\"searchable\":true,\"sortable\":true}},\"business\":{\"edit\":{\"label\":\"Business\",\"description\":\"\",\"placeholder\":\"\",\"visible\":true,\"editable\":true,\"mainField\":\"name\"},\"list\":{\"label\":\"Business\",\"searchable\":false,\"sortable\":false}},\"order_items\":{\"edit\":{\"label\":\"Order_items\",\"description\":\"\",\"placeholder\":\"\",\"visible\":true,\"editable\":true,\"mainField\":\"name\"},\"list\":{\"label\":\"Order_items\",\"searchable\":false,\"sortable\":false}},\"email\":{\"edit\":{\"label\":\"Email\",\"description\":\"\",\"placeholder\":\"\",\"visible\":true,\"editable\":true},\"list\":{\"label\":\"Email\",\"searchable\":true,\"sortable\":true}},\"created_at\":{\"edit\":{\"label\":\"Created_at\",\"description\":\"\",\"placeholder\":\"\",\"visible\":false,\"editable\":true},\"list\":{\"label\":\"Created_at\",\"searchable\":true,\"sortable\":true}},\"updated_at\":{\"edit\":{\"label\":\"Updated_at\",\"description\":\"\",\"placeholder\":\"\",\"visible\":false,\"editable\":true},\"list\":{\"label\":\"Updated_at\",\"searchable\":true,\"sortable\":true}}},\"layouts\":{\"list\":[\"id\",\"name\",\"shipping_address\",\"phone\"],\"edit\":[[{\"name\":\"name\",\"size\":6}],[{\"name\":\"shipping_address\",\"size\":6},{\"name\":\"total\",\"size\":4}],[{\"name\":\"subtotal\",\"size\":4},{\"name\":\"discount\",\"size\":4},{\"name\":\"paid\",\"size\":4}],[{\"name\":\"phone\",\"size\":6},{\"name\":\"email\",\"size\":6}]],\"editRelations\":[\"business\",\"order_items\"]}}','object','',''),(110,'db_model_galeries','{\"image\":{\"model\":\"file\",\"via\":\"related\",\"allowedTypes\":[\"images\",\"files\",\"videos\"],\"plugin\":\"upload\",\"required\":false},\"business\":{\"via\":\"galeries\",\"model\":\"business\"},\"created_at\":{\"type\":\"currentTimestamp\"},\"updated_at\":{\"type\":\"currentTimestamp\"}}','object',NULL,NULL),(111,'plugin_content_manager_configuration_content_types::application::galery.galery','{\"uid\":\"application::galery.galery\",\"settings\":{\"bulkable\":true,\"filterable\":true,\"searchable\":true,\"pageSize\":10,\"mainField\":\"id\",\"defaultSortBy\":\"id\",\"defaultSortOrder\":\"ASC\"},\"metadatas\":{\"id\":{\"edit\":{},\"list\":{\"label\":\"Id\",\"searchable\":true,\"sortable\":true}},\"image\":{\"edit\":{\"label\":\"Image\",\"description\":\"\",\"placeholder\":\"\",\"visible\":true,\"editable\":true},\"list\":{\"label\":\"Image\",\"searchable\":false,\"sortable\":false}},\"business\":{\"edit\":{\"label\":\"Business\",\"description\":\"\",\"placeholder\":\"\",\"visible\":true,\"editable\":true,\"mainField\":\"name\"},\"list\":{\"label\":\"Business\",\"searchable\":false,\"sortable\":false}},\"created_at\":{\"edit\":{\"label\":\"Created_at\",\"description\":\"\",\"placeholder\":\"\",\"visible\":false,\"editable\":true},\"list\":{\"label\":\"Created_at\",\"searchable\":true,\"sortable\":true}},\"updated_at\":{\"edit\":{\"label\":\"Updated_at\",\"description\":\"\",\"placeholder\":\"\",\"visible\":false,\"editable\":true},\"list\":{\"label\":\"Updated_at\",\"searchable\":true,\"sortable\":true}}},\"layouts\":{\"list\":[\"id\",\"image\",\"created_at\",\"updated_at\"],\"editRelations\":[\"business\"],\"edit\":[[{\"name\":\"image\",\"size\":6}]]}}','object','',''),(112,'db_model_taglines','{\"text\":{\"type\":\"string\"},\"category\":{\"model\":\"category\",\"via\":\"taglines\"},\"created_at\":{\"type\":\"currentTimestamp\"},\"updated_at\":{\"type\":\"currentTimestamp\"}}','object',NULL,NULL),(113,'plugin_content_manager_configuration_content_types::application::tagline.tagline','{\"uid\":\"application::tagline.tagline\",\"settings\":{\"bulkable\":true,\"filterable\":true,\"searchable\":true,\"pageSize\":10,\"mainField\":\"text\",\"defaultSortBy\":\"text\",\"defaultSortOrder\":\"ASC\"},\"metadatas\":{\"id\":{\"edit\":{},\"list\":{\"label\":\"Id\",\"searchable\":true,\"sortable\":true}},\"text\":{\"edit\":{\"label\":\"Text\",\"description\":\"\",\"placeholder\":\"\",\"visible\":true,\"editable\":true},\"list\":{\"label\":\"Text\",\"searchable\":true,\"sortable\":true}},\"category\":{\"edit\":{\"label\":\"Category\",\"description\":\"\",\"placeholder\":\"\",\"visible\":true,\"editable\":true,\"mainField\":\"name\"},\"list\":{\"label\":\"Category\",\"searchable\":false,\"sortable\":false}},\"created_at\":{\"edit\":{\"label\":\"Created_at\",\"description\":\"\",\"placeholder\":\"\",\"visible\":false,\"editable\":true},\"list\":{\"label\":\"Created_at\",\"searchable\":true,\"sortable\":true}},\"updated_at\":{\"edit\":{\"label\":\"Updated_at\",\"description\":\"\",\"placeholder\":\"\",\"visible\":false,\"editable\":true},\"list\":{\"label\":\"Updated_at\",\"searchable\":true,\"sortable\":true}}},\"layouts\":{\"list\":[\"id\",\"text\",\"created_at\",\"updated_at\"],\"edit\":[[{\"name\":\"text\",\"size\":6}]],\"editRelations\":[\"category\"]}}','object','',''),(114,'db_model_predefined_blogs','{\"title\":{\"type\":\"string\"},\"description\":{\"type\":\"richtext\"},\"image\":{\"model\":\"file\",\"via\":\"related\",\"allowedTypes\":[\"images\",\"files\",\"videos\"],\"plugin\":\"upload\",\"required\":false},\"category\":{\"model\":\"category\",\"via\":\"predefined_blogs\"},\"created_at\":{\"type\":\"currentTimestamp\"},\"updated_at\":{\"type\":\"currentTimestamp\"}}','object',NULL,NULL),(115,'plugin_content_manager_configuration_content_types::application::predefined-blog.predefined-blog','{\"uid\":\"application::predefined-blog.predefined-blog\",\"settings\":{\"bulkable\":true,\"filterable\":true,\"searchable\":true,\"pageSize\":10,\"mainField\":\"title\",\"defaultSortBy\":\"title\",\"defaultSortOrder\":\"ASC\"},\"metadatas\":{\"id\":{\"edit\":{},\"list\":{\"label\":\"Id\",\"searchable\":true,\"sortable\":true}},\"title\":{\"edit\":{\"label\":\"Title\",\"description\":\"\",\"placeholder\":\"\",\"visible\":true,\"editable\":true},\"list\":{\"label\":\"Title\",\"searchable\":true,\"sortable\":true}},\"description\":{\"edit\":{\"label\":\"Description\",\"description\":\"\",\"placeholder\":\"\",\"visible\":true,\"editable\":true},\"list\":{\"label\":\"Description\",\"searchable\":false,\"sortable\":false}},\"image\":{\"edit\":{\"label\":\"Image\",\"description\":\"\",\"placeholder\":\"\",\"visible\":true,\"editable\":true},\"list\":{\"label\":\"Image\",\"searchable\":false,\"sortable\":false}},\"category\":{\"edit\":{\"label\":\"Category\",\"description\":\"\",\"placeholder\":\"\",\"visible\":true,\"editable\":true,\"mainField\":\"name\"},\"list\":{\"label\":\"Category\",\"searchable\":false,\"sortable\":false}},\"created_at\":{\"edit\":{\"label\":\"Created_at\",\"description\":\"\",\"placeholder\":\"\",\"visible\":false,\"editable\":true},\"list\":{\"label\":\"Created_at\",\"searchable\":true,\"sortable\":true}},\"updated_at\":{\"edit\":{\"label\":\"Updated_at\",\"description\":\"\",\"placeholder\":\"\",\"visible\":false,\"editable\":true},\"list\":{\"label\":\"Updated_at\",\"searchable\":true,\"sortable\":true}}},\"layouts\":{\"list\":[\"id\",\"title\",\"image\",\"created_at\"],\"editRelations\":[\"category\"],\"edit\":[[{\"name\":\"title\",\"size\":6}],[{\"name\":\"description\",\"size\":12}],[{\"name\":\"image\",\"size\":6}]]}}','object','',''),(116,'db_model_messages','{\"first_name\":{\"type\":\"string\"},\"last_name\":{\"type\":\"string\"},\"email\":{\"type\":\"email\"},\"phone\":{\"type\":\"string\"},\"address\":{\"type\":\"string\"},\"message\":{\"type\":\"richtext\"},\"date\":{\"type\":\"date\"},\"business\":{\"model\":\"business\",\"via\":\"messages\"},\"read\":{\"type\":\"boolean\",\"default\":false},\"created_at\":{\"type\":\"currentTimestamp\"},\"updated_at\":{\"type\":\"currentTimestamp\"}}','object',NULL,NULL),(117,'plugin_content_manager_configuration_content_types::application::messages.messages','{\"uid\":\"application::messages.messages\",\"settings\":{\"bulkable\":true,\"filterable\":true,\"searchable\":true,\"pageSize\":10,\"mainField\":\"first_name\",\"defaultSortBy\":\"first_name\",\"defaultSortOrder\":\"ASC\"},\"metadatas\":{\"id\":{\"edit\":{},\"list\":{\"label\":\"Id\",\"searchable\":true,\"sortable\":true}},\"first_name\":{\"edit\":{\"label\":\"First_name\",\"description\":\"\",\"placeholder\":\"\",\"visible\":true,\"editable\":true},\"list\":{\"label\":\"First_name\",\"searchable\":true,\"sortable\":true}},\"last_name\":{\"edit\":{\"label\":\"Last_name\",\"description\":\"\",\"placeholder\":\"\",\"visible\":true,\"editable\":true},\"list\":{\"label\":\"Last_name\",\"searchable\":true,\"sortable\":true}},\"email\":{\"edit\":{\"label\":\"Email\",\"description\":\"\",\"placeholder\":\"\",\"visible\":true,\"editable\":true},\"list\":{\"label\":\"Email\",\"searchable\":true,\"sortable\":true}},\"phone\":{\"edit\":{\"label\":\"Phone\",\"description\":\"\",\"placeholder\":\"\",\"visible\":true,\"editable\":true},\"list\":{\"label\":\"Phone\",\"searchable\":true,\"sortable\":true}},\"address\":{\"edit\":{\"label\":\"Address\",\"description\":\"\",\"placeholder\":\"\",\"visible\":true,\"editable\":true},\"list\":{\"label\":\"Address\",\"searchable\":true,\"sortable\":true}},\"message\":{\"edit\":{\"label\":\"Message\",\"description\":\"\",\"placeholder\":\"\",\"visible\":true,\"editable\":true},\"list\":{\"label\":\"Message\",\"searchable\":false,\"sortable\":false}},\"date\":{\"edit\":{\"label\":\"Date\",\"description\":\"\",\"placeholder\":\"\",\"visible\":true,\"editable\":true},\"list\":{\"label\":\"Date\",\"searchable\":true,\"sortable\":true}},\"business\":{\"edit\":{\"label\":\"Business\",\"description\":\"\",\"placeholder\":\"\",\"visible\":true,\"editable\":true,\"mainField\":\"name\"},\"list\":{\"label\":\"Business\",\"searchable\":false,\"sortable\":false}},\"read\":{\"edit\":{\"label\":\"Read\",\"description\":\"\",\"placeholder\":\"\",\"visible\":true,\"editable\":true},\"list\":{\"label\":\"Read\",\"searchable\":true,\"sortable\":true}},\"created_at\":{\"edit\":{\"label\":\"Created_at\",\"description\":\"\",\"placeholder\":\"\",\"visible\":false,\"editable\":true},\"list\":{\"label\":\"Created_at\",\"searchable\":true,\"sortable\":true}},\"updated_at\":{\"edit\":{\"label\":\"Updated_at\",\"description\":\"\",\"placeholder\":\"\",\"visible\":false,\"editable\":true},\"list\":{\"label\":\"Updated_at\",\"searchable\":true,\"sortable\":true}}},\"layouts\":{\"list\":[\"id\",\"first_name\",\"last_name\",\"email\"],\"edit\":[[{\"name\":\"first_name\",\"size\":6},{\"name\":\"last_name\",\"size\":6}],[{\"name\":\"email\",\"size\":6},{\"name\":\"phone\",\"size\":6}],[{\"name\":\"address\",\"size\":6}],[{\"name\":\"message\",\"size\":12}],[{\"name\":\"date\",\"size\":4},{\"name\":\"read\",\"size\":4}]],\"editRelations\":[\"business\"]}}','object','',''),(118,'db_model_coupons','{\"code\":{\"type\":\"string\",\"required\":true},\"discount\":{\"type\":\"decimal\"},\"is_fixed\":{\"type\":\"boolean\",\"default\":true,\"required\":true},\"expire_on\":{\"type\":\"datetime\"},\"business\":{\"model\":\"business\",\"via\":\"coupons\"},\"created_at\":{\"type\":\"currentTimestamp\"},\"updated_at\":{\"type\":\"currentTimestamp\"}}','object',NULL,NULL),(119,'plugin_content_manager_configuration_content_types::application::coupon.coupon','{\"uid\":\"application::coupon.coupon\",\"settings\":{\"bulkable\":true,\"filterable\":true,\"searchable\":true,\"pageSize\":10,\"mainField\":\"code\",\"defaultSortBy\":\"code\",\"defaultSortOrder\":\"ASC\"},\"metadatas\":{\"id\":{\"edit\":{},\"list\":{\"label\":\"Id\",\"searchable\":true,\"sortable\":true}},\"code\":{\"edit\":{\"label\":\"Code\",\"description\":\"\",\"placeholder\":\"\",\"visible\":true,\"editable\":true},\"list\":{\"label\":\"Code\",\"searchable\":true,\"sortable\":true}},\"discount\":{\"edit\":{\"label\":\"Discount\",\"description\":\"\",\"placeholder\":\"\",\"visible\":true,\"editable\":true},\"list\":{\"label\":\"Discount\",\"searchable\":true,\"sortable\":true}},\"is_fixed\":{\"edit\":{\"label\":\"Is_fixed\",\"description\":\"\",\"placeholder\":\"\",\"visible\":true,\"editable\":true},\"list\":{\"label\":\"Is_fixed\",\"searchable\":true,\"sortable\":true}},\"expire_on\":{\"edit\":{\"label\":\"Expire_on\",\"description\":\"\",\"placeholder\":\"\",\"visible\":true,\"editable\":true},\"list\":{\"label\":\"Expire_on\",\"searchable\":true,\"sortable\":true}},\"business\":{\"edit\":{\"label\":\"Business\",\"description\":\"\",\"placeholder\":\"\",\"visible\":true,\"editable\":true,\"mainField\":\"name\"},\"list\":{\"label\":\"Business\",\"searchable\":false,\"sortable\":false}},\"created_at\":{\"edit\":{\"label\":\"Created_at\",\"description\":\"\",\"placeholder\":\"\",\"visible\":false,\"editable\":true},\"list\":{\"label\":\"Created_at\",\"searchable\":true,\"sortable\":true}},\"updated_at\":{\"edit\":{\"label\":\"Updated_at\",\"description\":\"\",\"placeholder\":\"\",\"visible\":false,\"editable\":true},\"list\":{\"label\":\"Updated_at\",\"searchable\":true,\"sortable\":true}}},\"layouts\":{\"list\":[\"id\",\"code\",\"discount\",\"is_fixed\"],\"editRelations\":[\"business\"],\"edit\":[[{\"name\":\"code\",\"size\":6},{\"name\":\"discount\",\"size\":4}],[{\"name\":\"is_fixed\",\"size\":4},{\"name\":\"expire_on\",\"size\":6}]]}}','object','','');
/*!40000 ALTER TABLE `core_store` ENABLE KEYS */;
UNLOCK TABLES;

--
-- Table structure for table `coupons`
--

DROP TABLE IF EXISTS `coupons`;
/*!40101 SET @saved_cs_client     = @@character_set_client */;
/*!40101 SET character_set_client = utf8 */;
CREATE TABLE `coupons` (
  `id` int(10) unsigned NOT NULL AUTO_INCREMENT,
  `code` varchar(255) NOT NULL,
  `discount` decimal(10,2) DEFAULT NULL,
  `is_fixed` tinyint(1) NOT NULL,
  `expire_on` datetime DEFAULT NULL,
  `business` int(11) DEFAULT NULL,
  `created_at` timestamp NULL DEFAULT CURRENT_TIMESTAMP,
  `updated_at` timestamp NULL DEFAULT CURRENT_TIMESTAMP,
  PRIMARY KEY (`id`)
) ENGINE=InnoDB DEFAULT CHARSET=latin1;
/*!40101 SET character_set_client = @saved_cs_client */;

--
-- Dumping data for table `coupons`
--

LOCK TABLES `coupons` WRITE;
/*!40000 ALTER TABLE `coupons` DISABLE KEYS */;
/*!40000 ALTER TABLE `coupons` ENABLE KEYS */;
UNLOCK TABLES;

--
-- Table structure for table `galeries`
--

DROP TABLE IF EXISTS `galeries`;
/*!40101 SET @saved_cs_client     = @@character_set_client */;
/*!40101 SET character_set_client = utf8 */;
CREATE TABLE `galeries` (
  `id` int(10) unsigned NOT NULL AUTO_INCREMENT,
  `business` int(11) DEFAULT NULL,
  `created_at` timestamp NULL DEFAULT CURRENT_TIMESTAMP,
  `updated_at` timestamp NULL DEFAULT CURRENT_TIMESTAMP,
  PRIMARY KEY (`id`)
) ENGINE=InnoDB AUTO_INCREMENT=11 DEFAULT CHARSET=latin1;
/*!40101 SET character_set_client = @saved_cs_client */;

--
-- Dumping data for table `galeries`
--

LOCK TABLES `galeries` WRITE;
/*!40000 ALTER TABLE `galeries` DISABLE KEYS */;
INSERT INTO `galeries` VALUES (1,1,'2020-10-20 23:04:42','2020-10-20 23:04:42'),(2,1,'2020-10-21 01:28:50','2020-10-21 01:28:50'),(3,1,'2020-10-21 02:19:53','2020-10-21 02:19:53'),(4,1,'2020-10-21 02:21:21','2020-10-21 02:21:21'),(5,1,'2020-10-21 02:21:28','2020-10-21 02:21:28'),(6,2,'2020-10-24 00:17:50','2020-10-24 00:17:50'),(7,2,'2020-10-24 00:17:57','2020-10-24 00:17:57'),(8,2,'2020-10-24 00:18:04','2020-10-24 00:18:04'),(10,2,'2020-10-24 00:18:41','2020-10-24 00:18:41');
/*!40000 ALTER TABLE `galeries` ENABLE KEYS */;
UNLOCK TABLES;

--
-- Table structure for table `layouts`
--

DROP TABLE IF EXISTS `layouts`;
/*!40101 SET @saved_cs_client     = @@character_set_client */;
/*!40101 SET character_set_client = utf8 */;
CREATE TABLE `layouts` (
  `id` int(10) unsigned NOT NULL AUTO_INCREMENT,
  `name` varchar(255) DEFAULT NULL,
  `created_at` timestamp NULL DEFAULT CURRENT_TIMESTAMP,
  `updated_at` timestamp NULL DEFAULT CURRENT_TIMESTAMP,
  `category` int(11) DEFAULT NULL,
  `user` int(11) DEFAULT NULL,
  `free` tinyint(1) DEFAULT NULL,
  `subcategory` int(11) DEFAULT NULL,
  PRIMARY KEY (`id`)
) ENGINE=InnoDB AUTO_INCREMENT=15 DEFAULT CHARSET=latin1;
/*!40101 SET character_set_client = @saved_cs_client */;

--
-- Dumping data for table `layouts`
--

LOCK TABLES `layouts` WRITE;
/*!40000 ALTER TABLE `layouts` DISABLE KEYS */;
INSERT INTO `layouts` VALUES (13,'Electronic Store','2020-09-25 08:06:56','2020-10-14 00:00:09',3,NULL,1,46),(14,'Tienda Prueba 2','2020-10-09 02:25:47','2020-10-09 02:25:53',4,NULL,1,2);
/*!40000 ALTER TABLE `layouts` ENABLE KEYS */;
UNLOCK TABLES;

--
-- Table structure for table `messages`
--

DROP TABLE IF EXISTS `messages`;
/*!40101 SET @saved_cs_client     = @@character_set_client */;
/*!40101 SET character_set_client = utf8 */;
CREATE TABLE `messages` (
  `id` int(10) unsigned NOT NULL AUTO_INCREMENT,
  `first_name` varchar(255) DEFAULT NULL,
  `last_name` varchar(255) DEFAULT NULL,
  `email` varchar(255) DEFAULT NULL,
  `phone` varchar(255) DEFAULT NULL,
  `address` varchar(255) DEFAULT NULL,
  `message` longtext,
  `date` date DEFAULT NULL,
  `created_at` timestamp NULL DEFAULT CURRENT_TIMESTAMP,
  `updated_at` timestamp NULL DEFAULT CURRENT_TIMESTAMP,
  `user` int(11) DEFAULT NULL,
  `business` int(11) DEFAULT NULL,
  `read` tinyint(1) DEFAULT NULL,
  PRIMARY KEY (`id`)
) ENGINE=InnoDB AUTO_INCREMENT=10 DEFAULT CHARSET=latin1;
/*!40101 SET character_set_client = @saved_cs_client */;

--
-- Dumping data for table `messages`
--

LOCK TABLES `messages` WRITE;
/*!40000 ALTER TABLE `messages` DISABLE KEYS */;
INSERT INTO `messages` VALUES (4,'Henry Jhoan','Moncada','henryjaimes.peli@gmail.com','04127738975','El Corozo, Municipio Torbes','wxdwxdwx','2020-10-22','2020-10-16 10:52:09','2020-10-16 10:52:09',NULL,1,NULL),(5,'Henry Jhoan','Moncada','henryjaimes.peli@gmail.com','04127738975','El Corozo, Municipio Torbes','este es un mensaje de prueba que le voy a enviar a la empresa veterinaria perrito','2020-12-20','2020-10-16 19:26:57','2020-10-16 19:26:57',NULL,1,0),(6,'Henry Jhoan','Moncada','henryjaimes.peli@gmail.com','04127738975','El Corozo, Municipio Torbes','un error de maquetacion','2020-11-18','2020-10-16 19:39:02','2020-10-16 19:39:02',NULL,1,0),(7,'Henry Jhoan','Moncada','henryjaimes.peli@gmail.com','04127738975','El Corozo, Municipio Torbes','qui dolorem ipsum, quia dolor sit amet consectetur adipisci velit, sed quia non numquam eius modi tempora incidunt, ut labore et dolore magnam aliquam quaerat voluptatem\nqui dolorem ipsum, quia dolor sit amet consectetur adipisci velit, sed quia non numquam eius modi tempora incidunt, ut labore et dolore magnam aliquam quaerat voluptatem\nqui dolorem ipsum, quia dolor sit amet consectetur adipisci velit, sed quia non numquam eius modi tempora incidunt, ut labore et dolore magnam aliquam quaerat voluptatem\nqui dolorem ipsum, quia dolor sit amet consectetur adipisci velit, sed quia non numquam eius modi tempora incidunt, ut labore et dolore magnam aliquam quaerat voluptatem\n\nqui dolorem ipsum, quia dolor sit amet consectetur adipisci velit, sed quia non numquam eius modi tempora incidunt, ut labore et dolore magnam aliquam quaerat voluptatem','2020-10-21','2020-10-16 19:41:55','2020-10-16 19:41:55',NULL,1,0),(8,'Henry Jhoan','Moncada','henryjaimes.peli@gmail.com','04127738975','El Corozo, Municipio Torbes','Mensaje de prueba','2020-10-31','2020-10-24 00:24:09','2020-10-24 00:24:09',NULL,2,0),(9,'Henry Jhoan','Moncada','henryjaimes.peli@gmail.com','04127738975','El Corozo, Municipio Torbes','mensaje de prueba 2','2020-10-31','2020-10-24 00:24:47','2020-10-24 00:24:47',NULL,2,0);
/*!40000 ALTER TABLE `messages` ENABLE KEYS */;
UNLOCK TABLES;

--
-- Table structure for table `order_items`
--

DROP TABLE IF EXISTS `order_items`;
/*!40101 SET @saved_cs_client     = @@character_set_client */;
/*!40101 SET character_set_client = utf8 */;
CREATE TABLE `order_items` (
  `id` int(10) unsigned NOT NULL AUTO_INCREMENT,
  `name` varchar(255) DEFAULT NULL,
  `product` int(11) DEFAULT NULL,
  `order` int(11) DEFAULT NULL,
  `price` double DEFAULT NULL,
  `quantity` int(11) DEFAULT NULL,
  `created_at` timestamp NULL DEFAULT CURRENT_TIMESTAMP,
  `updated_at` timestamp NULL DEFAULT CURRENT_TIMESTAMP,
  PRIMARY KEY (`id`)
) ENGINE=InnoDB AUTO_INCREMENT=9 DEFAULT CHARSET=latin1;
/*!40101 SET character_set_client = @saved_cs_client */;

--
-- Dumping data for table `order_items`
--

LOCK TABLES `order_items` WRITE;
/*!40000 ALTER TABLE `order_items` DISABLE KEYS */;
INSERT INTO `order_items` VALUES (4,'producto de prueba',3,4,100,4,'2020-10-23 03:54:35','2020-10-23 04:00:09'),(5,'producto 3',4,5,5,2,'2020-10-23 04:02:38','2020-10-23 04:02:39'),(6,'producto de prueba',3,5,100,4,'2020-10-23 04:02:38','2020-10-23 04:02:39'),(7,'Cositas 2',6,6,10,20,'2020-10-24 00:29:14','2020-10-24 00:29:14'),(8,'Cositas 1',5,6,5,2,'2020-10-24 00:29:14','2020-10-24 00:29:14');
/*!40000 ALTER TABLE `order_items` ENABLE KEYS */;
UNLOCK TABLES;

--
-- Table structure for table `orders`
--

DROP TABLE IF EXISTS `orders`;
/*!40101 SET @saved_cs_client     = @@character_set_client */;
/*!40101 SET character_set_client = utf8 */;
CREATE TABLE `orders` (
  `id` int(10) unsigned NOT NULL AUTO_INCREMENT,
  `contact_information` varchar(255) DEFAULT NULL,
  `name` varchar(255) DEFAULT NULL,
  `shipping_address` varchar(255) DEFAULT NULL,
  `total` double DEFAULT NULL,
  `subtotal` double DEFAULT NULL,
  `discount` decimal(10,2) DEFAULT NULL,
  `paid` tinyint(1) DEFAULT NULL,
  `order_item` int(11) DEFAULT NULL,
  `created_at` timestamp NULL DEFAULT CURRENT_TIMESTAMP,
  `updated_at` timestamp NULL DEFAULT CURRENT_TIMESTAMP,
  `business` int(11) DEFAULT NULL,
  `phone` varchar(255) DEFAULT NULL,
  `email` varchar(255) DEFAULT NULL,
  PRIMARY KEY (`id`)
) ENGINE=InnoDB AUTO_INCREMENT=7 DEFAULT CHARSET=latin1;
/*!40101 SET character_set_client = @saved_cs_client */;

--
-- Dumping data for table `orders`
--

LOCK TABLES `orders` WRITE;
/*!40000 ALTER TABLE `orders` DISABLE KEYS */;
INSERT INTO `orders` VALUES (4,'henryjaimes.peli@gmail.com','Henry JhoanMoncada','El Corozo, Municipio Torbes, San Cristobal, Venezuela, 5001',400,400,0.00,0,NULL,'2020-10-23 03:54:35','2020-10-23 04:00:09',1,'04127738975','henryjaimes.peli@gmail.com'),(5,NULL,'Henry JhoanMoncada','El Corozo, Municipio Torbes, San Cristobal, Venezuela, 5001',410,410,0.00,0,NULL,'2020-10-23 04:02:38','2020-10-23 04:02:38',1,'04127738975222','henryjaimes.peli222@gmail.com'),(6,NULL,'Henry JhoanMoncada','El Corozo, Municipio Torbes, San Cristobal, Venezuela, 5001',210,210,0.00,0,NULL,'2020-10-24 00:29:14','2020-10-24 00:29:14',2,'04127738975','henryjaimes.peli@gmail.com');
/*!40000 ALTER TABLE `orders` ENABLE KEYS */;
UNLOCK TABLES;

--
-- Table structure for table `predefined_blogs`
--

DROP TABLE IF EXISTS `predefined_blogs`;
/*!40101 SET @saved_cs_client     = @@character_set_client */;
/*!40101 SET character_set_client = utf8 */;
CREATE TABLE `predefined_blogs` (
  `id` int(10) unsigned NOT NULL AUTO_INCREMENT,
  `title` varchar(255) DEFAULT NULL,
  `description` longtext,
  `category` int(11) DEFAULT NULL,
  `created_at` timestamp NULL DEFAULT CURRENT_TIMESTAMP,
  `updated_at` timestamp NULL DEFAULT CURRENT_TIMESTAMP,
  PRIMARY KEY (`id`)
) ENGINE=InnoDB AUTO_INCREMENT=10 DEFAULT CHARSET=latin1;
/*!40101 SET character_set_client = @saved_cs_client */;

--
-- Dumping data for table `predefined_blogs`
--

LOCK TABLES `predefined_blogs` WRITE;
/*!40000 ALTER TABLE `predefined_blogs` DISABLE KEYS */;
INSERT INTO `predefined_blogs` VALUES (1,'The 5 Steps to start ecommerce success: what you need to know','Are you looking to expand your sources of income, start (finally) that project that you have had in mind in the last two years, or make a radical change in your life and be self-employed? By starting an e-commerce website you can do it!\n\nKeep reading!\n\nWe know it’s important to you to get off on the right foot, so we wrapped up the 5 steps you need to know if you are starting an online business: \n\n**1. Catchy business name**\nForget the stiff names. Sometimes, people are looking for magic and personality… And a catchy or funny business name can do the job for you. \n\n**2. Don\'t describe your business, tell them how you can help them**\nBesides your brand name, you want to create your tagline. How can you do that? Describe in a few words what can you do for your customers, it should be descriptive enough so that people know how you can help them.\n\nRemember, keep it short and simple!\n\n**3. Know your suppliers**\nCompetition is a good thing since it allows your niche to develop, so you want to be sure that your suppliers are giving you the best prices and quality. Do the research and look for testimonials and request trials before you launch a new product on your e-commerce website.  \n\n**4. Explore trends**\nWithout a doubt, your online business ideas are good, but there are tools that give you the assurance that the products you want to sell are in line with the buying trends of your target audience.\n\nGoogle Trends and Google Keyword Planner give you ideas to diversify your products according to current customer trends. \n\n**5. And last but not least, simplify recurring tasks**\nTaxes and permits payment dates can be easily forgotten, but keeping track of them on a simple tool as Google Calendar free mental space and allow you to focus on the growth strategy of your e-commerce website. \n\nAnd that’s all for now! \n\nWe hope these steps inspire you to start selling online.\n',3,'2020-10-08 01:38:36','2020-10-08 01:38:36'),(2,'Three reasons to become an independent consultant','We all are living in uncertain times, but something that’s definitely true is the world keeps moving. Even if you are one of those people who conserved your job in the middle of the pandemic, we are sure that at least the idea of becoming an independent consultant has crossed your mind. \n\nIf you are one of those people looking to work independently… This article is for you!\n\nWe know that starting a business on your own is not easy, but wait! The process can be exciting. In this article, we share with you three reasons why deciding once and for all to start your consulting business is a wise choice:\n\n**1. Your career goes at your own pace**\nDon\'t confuse this with sleeping all day and moving slowly in your career. In fact, it\'s the opposite! When you are an independent consultant, some weeks you can have a big workload and others you can manage with a 4-hour week. \n\nBut, it’s up to you if you want to scale your business in one year or decide to take it easy. At the end of the day, all the growth and learning is left to you, as are the profits.\n\n**2. Every project is different**\nWhen you work as an independent consultant, no matter the niche you belong to, you construct a particular story with every client. You create a real and direct impact in these peoples’ lives (and this feels as amazing as it sounds!).\n\nHey! Don’t get us wrong, we see the value of working at a company and putting your knowledge at the service of its growth. We just want to encourage you to start or boost your independent consulting career. \n\n**3. You can (really) enjoy your life**\nAs you can set your own deadlines and schedules, you have more quality of life. Walk your dog, watch a series, cook with your family, take an unexpected trip, or read that book that\'s been on the shelf for two years … Whatever gives you happiness!\n\nThat doesn\'t mean you don\'t do hard work, it just teaches you how to prioritize and trust your organizing skills.\n\nAny thoughts? Share this post on social media and let the conversation start!\n',11,'2020-10-08 01:48:46','2020-10-08 01:48:46'),(3,'What you need to know about how to teach lessons','Everyone has skills, although some people are not yet aware of it. The good news is that those skills can be a source of income and in this article we want to share with you some tips about how to teach any lesson, to make them more efficient and profitable. \n\nKeep reading!\n\nLet’s see some tips you can put into practice to teach lessons like a pro: \n\n**Take advantage of your social networks**\nLike it or not, if you want to make money in these times you need to have an online presence. Don’t be afraid to show the world your business through social media. You don’t need to expose your private life, you just simply want to create an image of what you can do for other people by teaching your skills.  \n\n**Have a website**\nBesides a social media plan, you need a website to complete your online presence. A website can help you build a solid student database and make your lessons into a sustainable business over time.\n\nSounds like a lot of work? It’s not! There are some platforms that allow you to create your entire online presence in just a few clicks and you don’t need previous technical knowledge. \n\n**Give your students valuable content**\nYou can put all your creativity on this step. Keep your students motivated, using resources like daily quotes, ebooks, or access to a free lesson. This can be a good way to build confidence and not lose track of their studies. \n\n**Keep track of their advance (and yours, too)**\nIt doesn\'t matter if your lessons are face-to-face or online, remember that you are dealing with real people and they deserve the best of you as their mentor. Let them know about their progress and opportunity areas and allow them to evaluate you as well. \n\n**And finally, don\'t stop training yourself**\nThe key to always teach valuable content in your lessons is to be updated because everyone has something to learn. \n\nAre you excited to start teaching lessons of whatever your skills are? Share this content on your social media! \n',6,'2020-10-08 01:51:51','2020-10-08 01:51:51'),(4,'5 essential skills for successful event planners','From weddings, baby showers, commercial events, graduations, birthdays, national holidays, or just to get together with friends, the event planner business is a nonstop growing market. In this article, we share with you 5 necessary skills every event planner needs to develop. \n\nLet’s talk about it! \n\n**1. Be passionate**\nNothing drives more sales than being passionate about your work. Every job has ups and downs and challenges that can be more easily overcome if you are enjoying what you do. \n\n**2. Listen**\nMaybe you have the ideas and the technique to bring to life a project, but there’s a first step you want to keep in mind: always listen to the needs and dreams of your clients, because their insights are so valuable, too. It’s all about meeting them halfway and finding the most effective path to their event. \n\n**3. Be flexible**\nNothing drives you crazier than sticking to expectations. An event, as its name says, takes place for eventualities, so one of the superpowers of the professional event planners is to keep an open mind and flow with the inevitable inopportune times. \n\n**4. Organization**\nBeing flexible does not mean operating without a plan; actually, within the plan, there’s room for unexpected incidents. There are so many resources you can use, such as post-its, notebooks, tags, and online agendas to manage time, budgets, and teams, that allow you to put into practice your best event planner skills. \n\n**5. Humility**\nYour words and instructions should be clear and respectful both for the service personnel, as well as for your suppliers and your client. Your communication skills can make your event run as smoothly as possible. \n\nCan you think of any other skills to plan an event? Let your friends know about it and share this article with your community or friends. \n',4,'2020-10-08 01:55:04','2020-10-08 01:55:04'),(5,'Starting your own construction business','Starting a construction business or a handy-man business is always a good idea because it is a market that is in constant demand.\n\nIn this article, we share some keys to reach your audience in the right way, and with the right approach, you can make a good salary per year. \n\n**What services can you offer in the construction and home improvement niche?**\n\nIt all depends on the skills you have or whether you are willing to learn and perfect. Here are some ideas of what type of work you can offer on your portfolio: \n\n- Painting\n- Wallpaper installation and removal\n- Electrical work\n- Carpentry\n- Gardening\n- Pressure washing\n- Gutter cleaning\n\n**Advantages of having your own construction business**\n\n**You decide if you want to go full-time or part-time**\n\nIf you are still considering options to start your own handy-man or construction business, you can start offering some services as a side hustle and then evaluate how the market evolves. In the beginning, it can be a weekend project and over time it can become your core business and even outsource to other people.\n\n**A business with potential**\n\nAs you specialize, you can offer services tailored to your clients, and with this expertise, you can charge more premium rates. In this way, your business can grow thanks to your constant training.\n\n**There’s always work to be done**\n\nHomeowners or landlords always have some pending improvements to make and that ensures you work throughout the year. \n\n- Main things to keep in mind before you start\n- Create a defined service portfolio\n- Get advice from a professional and establish your business legally\n- Get insurance for yourself, your collaborators, and your work tools\n- Use a marketing strategy to gain credibility and expand your business\n\nDid you like this article? Share on social networks!\n',5,'2020-10-08 02:02:29','2020-10-08 02:02:29'),(6,'What to consider when pursuing technology and design careers','Expanding your career sometimes can be an overwhelming idea. From learning a new skill to radically changing your job and starting from scratch, turning your life around is a daunting task.\n\nAlthough it is not clear what the job market will look like in 5 years, one thing is clear: that you need digital skills to survive in our modern workforce whatever your niche is. Technology and design careers are one of the most versatile fields, and you’ll find your way for sure. \n\n**How can the crisis affect the design and tech careers?**\nNo matter if you are an employee or an independent professional, this situation is worldwide and everyone has to do something in order to keep making a living. \n\nSo, if you just have one single skill it’s most probably that your job scope will be reduced, instead, if you gain aptitudes and experience in other fields related to your main skill, you can take advantage of this situation. \n\nFor example, technology and design careers have a lot of tasks in common that can be a shared job. And this point leads us to think the following:\n\n**Why should designers be coding?**\nMaybe you can think this is a hybrid combination that exists in the middle ground. And it is so! But with the right amount of dedication you can identify problems, understand what the user wants and build solutions that are both functional and attractive. \n\nThis particular ability can make you a unique professional and, by the way, you could earn much more money than with a single solution on your portfolio. \n\n**Other options**\nIf you don’t have the time or resources to start a formation from zero in a new topic, you can always associate with someone else, work together, and try to sell full-stack services. \n\nAt other times, the value of a worker was determined by a specialized skill; but these are uncertain times we need to be creative and expand our options to activities that we never imagined doing. \n\nWhat do you think of this new reorganization of the job? \n\nShare this article on social media and let the conversation begin!\n',7,'2020-10-08 02:04:48','2020-10-08 02:04:48'),(7,'Survival skills in demand for beauty and fashion people','Beauty and fashion are versatile fields with a lot of career options that range from makeup artists, hairdressers, estheticians, beauty bloggers, and style advisors. \n\nWe can say that the demand for this mixed group of professionals is expected to rise throughout the next few years. From traditional hairstylists to new and emerging content creators contributing to support today’s digital economy, the creative options are infinite. \n\nThese careers are mostly aligned with passions, that\'s why we want to share this list with five of the skills that can boost your career in the beauty and fashion world. \n\n**Add this to your career to boost it: **\n\n1. Sales and customer contact\n2. Social media\n3. Video production & edition\n4. Graphic design\n5. Digital marketing\n\nThis is not about being an expert or spending a lot of money trying to have a degree in each of the skills above. It’s a matter of being creative enough to adapt to the new market demands.\n\nWe all know that there are many different types of beauty and fashion jobs that will require your creative mind to take the opportunity to make a good match between your skills and a quality product or service that can be sold, and finally, live off your passions!\n\nKeep exploring your options and share this article on your social media to spread the motivation!\n',9,'2020-10-08 02:06:52','2020-10-08 02:06:52'),(8,'4 components of a brand strategy that really sells','If you got here, that means you are so interested in the know-how of a brand strategy and why it can drive your conversions and sales. This article condenses the principal components for a brand strategy that sells. \n\nLet us show you!\n\nWhy do you need a brand strategy?\nIt’s simple, you need to clearly define what goals you want to achieve. When you put your strategy on paper, you are avoiding the waste of valuable resources like time, ideas, and money. \n\nOtherwise, a well-defined brand strategy can connect to consumer needs, and this will bring your business closer to closing sales. \n\nSo, let’s dive into these features: \n\n**1. Competitive analysis**\nBe sure to know your competitors, what can they do better than you, and what you can learn from their mistakes and successes. \n\nThere’s no better way than to do the research by yourself and catch all the data that can open doors to market opportunities and can lead you in the path to building a brand strategy that sells.\n\n**2. Explore “the why”**\nAre you clear enough about the purpose of your business? Try to ask yourself this question at least three times in a row, until you get to the bottom of the reasons why you are dedicating time and effort to this business. \n\nThis is a singular way to always keep in mind why we started when times go rough. \n\n**3.Visual elements**\nThese are everything you need to bring your brand alive, like a logo, typography, verbal tone, etc. Visual elements sometimes don’t get the attention they deserve, despite these are the key to whether your brand feels and looks coherent in every canal or format. \n\n**4. One-Year road map**\nA road map is just a detailed plan of each action and the time that requires to be done. And believe or not, this can be a game-changer. Most of the people put aside plans and focus on the day-by-day actions, and by doing that, they eventually lose the focus of the real project. \n\nDo you know another essential component to make your brand sell?\nShare this article and your experience on your social media!\n',8,'2020-10-08 02:08:50','2020-10-08 02:08:50'),(9,'Why you need to hire household help','Letting strange people inside your house is not always the most comfortable idea. From leaving your pets in the care of another person to thinking about the safety of your valuables while you are not at home, we get it: hiring household help is not for everyone. \n\nWe are giving you some advice to help you understand why hiring household help is, in most cases, the best option for your busy life. \n\nWhen someone mentions getting some help with your homework, thoughts that come to mind may include some like: \n\n- I can do this on my own... \n- No one does it as well as I do...\n- Or maybe I’ll use that free time to get more of what I really enjoy...\n\nLet’s break those down one by one.\n\nFirst, you can’t do it all, all the time. But, don’t get us wrong: it’s not about your skills, this is about prioritizing. \n\nYou are probably a super productive person, with tons of energy, but you need to come clean with the real-time you have to spend on tasks with zero revenue for you. DIY can be fun, but it is not always a good idea when it comes to some hard work. \n\nThe second common excuse is that nobody will do a certain task as well as you like; this is a matter of preferences or taste, but not a good or bad work effort.\n\nWhen we hire professional help for tasks like deep house cleaning, pet caring, or gardening, we always have the option of giving detailed instructions about how we like the process to be carried out and the result we expect.\n\nAlthough the people we hire are the experts, everything is solved by talking and you can even be much more satisfied with the result than if you had done it yourself.\n\nFinally, when it comes to valuable time, hiring a little help will allow you to use your free time to spend more time with your family or friends, take a walk, read or even do tasks that give you a little extra money. Even simply resting is enough reason to hire help.\n\nWhat has been your experience if you have ever contracted services?\n\nShare this article in YOUR social network!\n',10,'2020-10-08 02:10:47','2020-10-08 02:10:47');
/*!40000 ALTER TABLE `predefined_blogs` ENABLE KEYS */;
UNLOCK TABLES;

--
-- Table structure for table `product_categories`
--

DROP TABLE IF EXISTS `product_categories`;
/*!40101 SET @saved_cs_client     = @@character_set_client */;
/*!40101 SET character_set_client = utf8 */;
CREATE TABLE `product_categories` (
  `id` int(10) unsigned NOT NULL AUTO_INCREMENT,
  `name` varchar(255) DEFAULT NULL,
  `created_at` timestamp NULL DEFAULT CURRENT_TIMESTAMP,
  `updated_at` timestamp NULL DEFAULT CURRENT_TIMESTAMP,
  `product_subcategry` int(11) DEFAULT NULL,
  `product_subcategory` int(11) DEFAULT NULL,
  PRIMARY KEY (`id`)
) ENGINE=InnoDB AUTO_INCREMENT=2 DEFAULT CHARSET=latin1;
/*!40101 SET character_set_client = @saved_cs_client */;

--
-- Dumping data for table `product_categories`
--

LOCK TABLES `product_categories` WRITE;
/*!40000 ALTER TABLE `product_categories` DISABLE KEYS */;
INSERT INTO `product_categories` VALUES (1,'categoria de prueba 1','2020-10-14 22:21:32','2020-10-14 22:21:32',NULL,NULL);
/*!40000 ALTER TABLE `product_categories` ENABLE KEYS */;
UNLOCK TABLES;

--
-- Table structure for table `product_subcategories`
--

DROP TABLE IF EXISTS `product_subcategories`;
/*!40101 SET @saved_cs_client     = @@character_set_client */;
/*!40101 SET character_set_client = utf8 */;
CREATE TABLE `product_subcategories` (
  `id` int(10) unsigned NOT NULL AUTO_INCREMENT,
  `name` varchar(255) DEFAULT NULL,
  `product_category` int(11) DEFAULT NULL,
  `created_at` timestamp NULL DEFAULT CURRENT_TIMESTAMP,
  `updated_at` timestamp NULL DEFAULT CURRENT_TIMESTAMP,
  PRIMARY KEY (`id`)
) ENGINE=InnoDB AUTO_INCREMENT=2 DEFAULT CHARSET=latin1;
/*!40101 SET character_set_client = @saved_cs_client */;

--
-- Dumping data for table `product_subcategories`
--

LOCK TABLES `product_subcategories` WRITE;
/*!40000 ALTER TABLE `product_subcategories` DISABLE KEYS */;
INSERT INTO `product_subcategories` VALUES (1,'subcategoria de prueba 1',1,'2020-10-14 22:21:47','2020-10-14 22:21:47');
/*!40000 ALTER TABLE `product_subcategories` ENABLE KEYS */;
UNLOCK TABLES;

--
-- Table structure for table `product_subcategries`
--

DROP TABLE IF EXISTS `product_subcategries`;
/*!40101 SET @saved_cs_client     = @@character_set_client */;
/*!40101 SET character_set_client = utf8 */;
CREATE TABLE `product_subcategries` (
  `id` int(10) unsigned NOT NULL AUTO_INCREMENT,
  `name` varchar(255) DEFAULT NULL,
  `created_at` timestamp NULL DEFAULT CURRENT_TIMESTAMP,
  `updated_at` timestamp NULL DEFAULT CURRENT_TIMESTAMP,
  `product` int(11) DEFAULT NULL,
  `product_category` int(11) DEFAULT NULL,
  PRIMARY KEY (`id`)
) ENGINE=InnoDB DEFAULT CHARSET=latin1;
/*!40101 SET character_set_client = @saved_cs_client */;

--
-- Dumping data for table `product_subcategries`
--

LOCK TABLES `product_subcategries` WRITE;
/*!40000 ALTER TABLE `product_subcategries` DISABLE KEYS */;
/*!40000 ALTER TABLE `product_subcategries` ENABLE KEYS */;
UNLOCK TABLES;

--
-- Table structure for table `products`
--

DROP TABLE IF EXISTS `products`;
/*!40101 SET @saved_cs_client     = @@character_set_client */;
/*!40101 SET character_set_client = utf8 */;
CREATE TABLE `products` (
  `id` int(10) unsigned NOT NULL AUTO_INCREMENT,
  `name` varchar(255) DEFAULT NULL,
  `subcategory` int(11) DEFAULT NULL,
  `description` longtext,
  `price` decimal(10,2) DEFAULT NULL,
  `quantity` int(11) DEFAULT NULL,
  `status` tinyint(1) DEFAULT NULL,
  `created_at` timestamp NULL DEFAULT CURRENT_TIMESTAMP,
  `updated_at` timestamp NULL DEFAULT CURRENT_TIMESTAMP,
  `product_subcategory` int(11) DEFAULT NULL,
  `business` int(11) DEFAULT NULL,
  `featured` tinyint(1) DEFAULT NULL,
  `stock` int(11) NOT NULL,
  PRIMARY KEY (`id`)
) ENGINE=InnoDB AUTO_INCREMENT=8 DEFAULT CHARSET=latin1;
/*!40101 SET character_set_client = @saved_cs_client */;

--
-- Dumping data for table `products`
--

LOCK TABLES `products` WRITE;
/*!40000 ALTER TABLE `products` DISABLE KEYS */;
INSERT INTO `products` VALUES (2,'prueba',NULL,'asdasds',3.00,3,0,'2020-10-20 21:42:35','2020-10-20 21:42:35',1,1,1,0),(3,'producto de prueba',NULL,'con imagenes bonitas',100.00,17,0,'2020-10-21 02:30:52','2020-10-21 02:30:52',1,1,0,0),(4,'producto 3',NULL,'este es otro producto de prueba',5.00,6,0,'2020-10-21 02:31:26','2020-10-21 02:31:26',1,1,1,0),(5,'Cositas 1',NULL,'Descripcion de prueba de producto',5.00,5,0,'2020-10-24 00:07:17','2020-10-24 00:07:17',1,2,1,1),(6,'Cositas 2',NULL,'Descripcion de prueba 2',10.00,20,0,'2020-10-24 00:07:51','2020-10-24 00:07:51',1,2,1,1),(7,'Cositas 3',NULL,'Descripcion de prueba 3',5.00,10,0,'2020-10-24 00:08:20','2020-10-24 00:08:20',1,2,0,1);
/*!40000 ALTER TABLE `products` ENABLE KEYS */;
UNLOCK TABLES;

--
-- Table structure for table `strapi_administrator`
--

DROP TABLE IF EXISTS `strapi_administrator`;
/*!40101 SET @saved_cs_client     = @@character_set_client */;
/*!40101 SET character_set_client = utf8 */;
CREATE TABLE `strapi_administrator` (
  `id` int(10) unsigned NOT NULL AUTO_INCREMENT,
  `username` varchar(255) NOT NULL,
  `email` varchar(255) NOT NULL,
  `password` varchar(255) NOT NULL,
  `resetPasswordToken` varchar(255) DEFAULT NULL,
  `blocked` tinyint(1) DEFAULT NULL,
  PRIMARY KEY (`id`),
  UNIQUE KEY `strapi_administrator_username_unique` (`username`)
) ENGINE=InnoDB AUTO_INCREMENT=3 DEFAULT CHARSET=latin1;
/*!40101 SET character_set_client = @saved_cs_client */;

--
-- Dumping data for table `strapi_administrator`
--

LOCK TABLES `strapi_administrator` WRITE;
/*!40000 ALTER TABLE `strapi_administrator` DISABLE KEYS */;
INSERT INTO `strapi_administrator` VALUES (2,'admin','henryjaimes.peli@gmail.com','$2a$10$dvc1OjqEH6rvc.ypC.PA4ueaxc0.mrbf7XlNGRmijeYibVHA8gAJK',NULL,NULL);
/*!40000 ALTER TABLE `strapi_administrator` ENABLE KEYS */;
UNLOCK TABLES;

--
-- Table structure for table `strapi_webhooks`
--

DROP TABLE IF EXISTS `strapi_webhooks`;
/*!40101 SET @saved_cs_client     = @@character_set_client */;
/*!40101 SET character_set_client = utf8 */;
CREATE TABLE `strapi_webhooks` (
  `id` int(10) unsigned NOT NULL AUTO_INCREMENT,
  `name` varchar(255) DEFAULT NULL,
  `url` longtext,
  `headers` longtext,
  `events` longtext,
  `enabled` tinyint(1) DEFAULT NULL,
  PRIMARY KEY (`id`)
) ENGINE=InnoDB DEFAULT CHARSET=latin1;
/*!40101 SET character_set_client = @saved_cs_client */;

--
-- Dumping data for table `strapi_webhooks`
--

LOCK TABLES `strapi_webhooks` WRITE;
/*!40000 ALTER TABLE `strapi_webhooks` DISABLE KEYS */;
/*!40000 ALTER TABLE `strapi_webhooks` ENABLE KEYS */;
UNLOCK TABLES;

--
-- Table structure for table `subcategories`
--

DROP TABLE IF EXISTS `subcategories`;
/*!40101 SET @saved_cs_client     = @@character_set_client */;
/*!40101 SET character_set_client = utf8 */;
CREATE TABLE `subcategories` (
  `id` int(10) unsigned NOT NULL AUTO_INCREMENT,
  `name` varchar(255) DEFAULT NULL,
  `category` int(11) DEFAULT NULL,
  `created_at` timestamp NULL DEFAULT CURRENT_TIMESTAMP,
  `updated_at` timestamp NULL DEFAULT CURRENT_TIMESTAMP,
  `product` int(11) DEFAULT NULL,
  `description` varchar(255) DEFAULT NULL,
  PRIMARY KEY (`id`)
) ENGINE=InnoDB AUTO_INCREMENT=47 DEFAULT CHARSET=latin1;
/*!40101 SET character_set_client = @saved_cs_client */;

--
-- Dumping data for table `subcategories`
--

LOCK TABLES `subcategories` WRITE;
/*!40000 ALTER TABLE `subcategories` DISABLE KEYS */;
INSERT INTO `subcategories` VALUES (1,'Photography and Filming',4,'2020-09-24 21:30:01','2020-09-24 21:30:01',NULL,NULL),(2,'Music',4,'2020-09-24 21:30:25','2020-09-24 21:30:25',NULL,NULL),(3,'Food',4,'2020-09-24 21:31:06','2020-09-24 21:31:06',NULL,NULL),(4,'Wedding Planeers',4,'2020-09-24 21:31:18','2020-09-24 21:31:18',NULL,NULL),(5,'Event Decoration',4,'2020-09-24 21:31:33','2020-09-24 21:31:33',NULL,NULL),(6,'Plumber',5,'2020-09-24 21:33:24','2020-09-24 21:45:54',NULL,NULL),(7,'Architect',5,'2020-09-24 21:33:36','2020-09-24 21:45:54',NULL,NULL),(8,'Electrical Technician',5,'2020-09-24 21:33:48','2020-09-24 21:45:54',NULL,NULL),(9,'Builder',5,'2020-09-24 21:34:05','2020-09-24 21:45:54',NULL,NULL),(10,'Painter',5,'2020-09-24 21:34:18','2020-09-24 21:45:54',NULL,NULL),(11,'Gardening & Landscaping',5,'2020-09-24 21:34:30','2020-09-24 21:45:54',NULL,NULL),(13,'Moving Services',5,'2020-09-24 21:35:30','2020-09-24 21:45:54',NULL,NULL),(14,'Music Lessons',6,'2020-09-24 21:36:07','2020-09-24 21:36:07',NULL,NULL),(15,'Personal Trainer',6,'2020-09-24 21:36:29','2020-09-24 21:36:29',NULL,NULL),(16,'Reading & Writing Tutoring',6,'2020-09-24 21:36:45','2020-09-24 21:36:45',NULL,NULL),(17,'Math Tutoring',6,'2020-09-24 21:37:01','2020-09-24 21:37:01',NULL,NULL),(18,'Yoga Instructor',6,'2020-09-24 21:37:11','2020-09-24 21:37:11',NULL,NULL),(19,'Life Coaching',6,'2020-09-24 21:37:33','2020-09-24 21:37:50',NULL,NULL),(20,'Health Coaching',6,'2020-09-24 21:38:08','2020-09-24 21:38:08',NULL,NULL),(21,'Software Development',7,'2020-09-24 21:38:37','2020-09-24 21:38:37',NULL,NULL),(22,'Web & Mobile Development',7,'2020-09-24 21:38:55','2020-09-24 21:38:55',NULL,NULL),(23,'Web & Mobile Design',7,'2020-09-24 21:39:25','2020-09-24 21:39:25',NULL,NULL),(24,'Technical Assistance',7,'2020-09-24 21:39:35','2020-09-24 21:39:35',NULL,NULL),(25,'Graphic Design',7,'2020-09-24 21:39:46','2020-09-24 21:39:46',NULL,NULL),(26,'Illustration',7,'2020-09-24 21:40:44','2020-09-24 21:40:44',NULL,NULL),(27,'SEO & SEM',8,'2020-09-24 21:41:38','2020-09-24 21:41:38',NULL,NULL),(28,'Social Media & Email',8,'2020-09-24 21:41:54','2020-09-24 21:41:54',NULL,NULL),(29,'Market & Customer Research',8,'2020-09-24 21:42:16','2020-09-24 21:42:16',NULL,NULL),(30,'Networking',8,'2020-09-24 21:42:39','2020-09-24 21:42:39',NULL,NULL),(31,'Telemarketing & Telesales',8,'2020-09-24 21:42:53','2020-09-24 21:42:53',NULL,NULL),(32,'Barber',9,'2020-09-24 21:43:21','2020-09-24 21:43:21',NULL,NULL),(33,'Hair Salon',9,'2020-09-24 21:43:33','2020-09-24 21:43:33',NULL,NULL),(34,'Esthetician',9,'2020-09-24 21:43:46','2020-09-24 21:43:46',NULL,NULL),(35,'Manicure & Pedicure',9,'2020-09-24 21:44:01','2020-09-24 21:44:01',NULL,NULL),(36,'Makeup Artists',9,'2020-09-24 21:44:12','2020-09-24 21:44:12',NULL,NULL),(37,'Fashion Designer',9,'2020-09-24 21:44:26','2020-09-24 21:44:26',NULL,NULL),(38,'Seamstress',9,'2020-09-24 21:44:38','2020-09-24 21:44:38',NULL,NULL),(39,'Dry Cleaner',9,'2020-09-24 21:44:53','2020-09-24 21:44:53',NULL,NULL),(40,'Cleaners',10,'2020-09-24 21:46:34','2020-09-24 21:46:34',NULL,NULL),(41,'Pet Care',10,'2020-09-24 21:46:47','2020-09-24 21:46:47',NULL,NULL),(42,'Childcare',10,'2020-09-24 21:47:01','2020-09-24 21:47:01',NULL,NULL),(43,'Elderly Care',10,'2020-09-24 21:47:27','2020-09-24 21:47:27',NULL,NULL),(44,'Business: Real State, Financial Advisor, Insurance Advisor',11,'2020-09-24 21:50:41','2020-09-24 21:50:41',NULL,NULL),(45,'Legal',11,'2020-09-24 21:50:51','2020-09-24 21:50:51',NULL,NULL),(46,'Electronic',3,'2020-09-24 22:51:00','2020-09-24 22:51:00',NULL,NULL);
/*!40000 ALTER TABLE `subcategories` ENABLE KEYS */;
UNLOCK TABLES;

--
-- Table structure for table `subscribers`
--

DROP TABLE IF EXISTS `subscribers`;
/*!40101 SET @saved_cs_client     = @@character_set_client */;
/*!40101 SET character_set_client = utf8 */;
CREATE TABLE `subscribers` (
  `id` int(10) unsigned NOT NULL AUTO_INCREMENT,
  `subscriber_email` varchar(255) DEFAULT NULL,
  `created_at` timestamp NULL DEFAULT CURRENT_TIMESTAMP,
  `updated_at` timestamp NULL DEFAULT CURRENT_TIMESTAMP,
  `business` int(11) DEFAULT NULL,
  PRIMARY KEY (`id`)
) ENGINE=InnoDB DEFAULT CHARSET=latin1;
/*!40101 SET character_set_client = @saved_cs_client */;

--
-- Dumping data for table `subscribers`
--

LOCK TABLES `subscribers` WRITE;
/*!40000 ALTER TABLE `subscribers` DISABLE KEYS */;
/*!40000 ALTER TABLE `subscribers` ENABLE KEYS */;
UNLOCK TABLES;

--
-- Table structure for table `taglines`
--

DROP TABLE IF EXISTS `taglines`;
/*!40101 SET @saved_cs_client     = @@character_set_client */;
/*!40101 SET character_set_client = utf8 */;
CREATE TABLE `taglines` (
  `id` int(10) unsigned NOT NULL AUTO_INCREMENT,
  `text` varchar(255) DEFAULT NULL,
  `created_at` timestamp NULL DEFAULT CURRENT_TIMESTAMP,
  `updated_at` timestamp NULL DEFAULT CURRENT_TIMESTAMP,
  `category` int(11) DEFAULT NULL,
  PRIMARY KEY (`id`)
) ENGINE=InnoDB AUTO_INCREMENT=29 DEFAULT CHARSET=latin1;
/*!40101 SET character_set_client = @saved_cs_client */;

--
-- Dumping data for table `taglines`
--

LOCK TABLES `taglines` WRITE;
/*!40000 ALTER TABLE `taglines` DISABLE KEYS */;
INSERT INTO `taglines` VALUES (1,'To learn a new skill from someone who already does it really well.','2020-10-07 19:17:58','2020-10-07 19:17:58',6),(2,'Longing for news skills? Our approach makes learning easy.','2020-10-07 19:18:12','2020-10-07 19:18:12',6),(3,'Professional teaching that provides a comprehensive education for new skills.','2020-10-07 19:18:29','2020-10-07 19:18:29',6),(4,'Expert consultants who give honest and useful advice.','2020-10-07 19:18:55','2020-10-07 19:18:55',11),(5,'Find the confidence to move forward in whatever you\'re after.','2020-10-07 19:19:20','2020-10-07 19:19:20',11),(6,'Make decisions with ease after our work together.','2020-10-07 19:19:30','2020-10-07 19:19:30',11),(7,'Trustworthy advice you can rely on.','2020-10-07 19:19:41','2020-10-07 19:19:41',11),(8,'Host a memorable special occasion and let us handle all the details.','2020-10-07 19:19:55','2020-10-07 19:19:55',4),(9,'Professional event planning to create the event of your dream, including decor, photos, music, food, and more.','2020-10-07 19:20:10','2020-10-07 19:20:10',4),(10,'Need professional construction help with your next project? We have qualified professionals at affordable rates so you can get the job done!.','2020-10-07 19:20:57','2020-10-07 19:20:57',5),(11,'Find & hire Plumbers, Architects, Electrical Technicians, Builders, Painters, Gardening/Landscaping and Moving Services.','2020-10-07 19:21:10','2020-10-07 19:21:10',5),(12,'Feel good in a trendy wardrobe and beauty look to match.','2020-10-07 19:21:30','2020-10-07 19:21:30',9),(13,'We stay on top of beauty trends to give you fresh looks and ideas for your next night out.','2020-10-07 19:21:41','2020-10-07 19:21:41',9),(14,'We stay on top of wardrobe trends to help you stay stylish when choosing what to wear.','2020-10-07 19:21:52','2020-10-07 19:21:52',9),(15,'We know all about sensitive makeup issues, that\'s why we use natural products while keeping you trendy.','2020-10-07 19:22:03','2020-10-07 19:22:03',9),(16,'Take back free time with hired professionals for your household needs.','2020-10-07 19:22:17','2020-10-07 19:22:17',10),(17,'We keep your home clean so you can enjoy your best moments, even if you\'re making a mess.','2020-10-07 19:22:28','2020-10-07 19:22:28',10),(18,'Feel reassured that everything is handled when you hire professionals for your household needs.','2020-10-07 19:22:39','2020-10-07 19:22:39',10),(19,'We provide a caring and nurturing atmosphere for your children to grow, learn, and play.','2020-10-07 19:23:00','2020-10-07 19:23:00',10),(20,'Enjoy peace of mind knowing your pets are in good hands while you\'re away.','2020-10-07 19:23:10','2020-10-07 19:23:10',10),(21,'Great design, easy-to-use technology to fuel your business.','2020-10-07 19:23:23','2020-10-07 19:23:23',7),(22,'When you need a web design that works for your company, and we have the professional experience to help.','2020-10-07 19:23:33','2020-10-07 19:23:33',7),(23,'When you need professional graphics to showcase the solutions your business provides, we have experience and talents to help.','2020-10-07 19:23:44','2020-10-07 19:23:44',7),(24,'Reach your audience and boost your sales with our professional help.','2020-10-07 19:23:57','2020-10-07 19:23:57',8),(25,'We offer our professional expertise in >> SEO & SEM, Social Media & Email, Market & Customer Research, Networking, Telemarketing & Telesales << to meet your needs for growing your client base.','2020-10-07 19:24:17','2020-10-07 19:24:17',8),(26,'Need more customers? Hire our professional help, our experience with >> SEO & SEM, Social Media & Email, Market & Customer Research, Networking, Telemarketing & Telesales << will drive your results.','2020-10-07 19:24:29','2020-10-07 19:24:29',8),(27,'Buy what you need! It is very easy, fast, and safe.','2020-10-07 19:24:40','2020-10-07 19:24:40',3),(28,'Shop for excellent quality products from where you are! We bring the store to you.','2020-10-07 19:24:51','2020-10-07 19:24:51',3);
/*!40000 ALTER TABLE `taglines` ENABLE KEYS */;
UNLOCK TABLES;

--
-- Table structure for table `testimonials`
--

DROP TABLE IF EXISTS `testimonials`;
/*!40101 SET @saved_cs_client     = @@character_set_client */;
/*!40101 SET character_set_client = utf8 */;
CREATE TABLE `testimonials` (
  `id` int(10) unsigned NOT NULL AUTO_INCREMENT,
  `title` varchar(255) DEFAULT NULL,
  `description` varchar(255) DEFAULT NULL,
  `sender` varchar(255) DEFAULT NULL,
  `business` int(11) DEFAULT NULL,
  `created_at` timestamp NULL DEFAULT CURRENT_TIMESTAMP,
  `updated_at` timestamp NULL DEFAULT CURRENT_TIMESTAMP,
  PRIMARY KEY (`id`)
) ENGINE=InnoDB DEFAULT CHARSET=latin1;
/*!40101 SET character_set_client = @saved_cs_client */;

--
-- Dumping data for table `testimonials`
--

LOCK TABLES `testimonials` WRITE;
/*!40000 ALTER TABLE `testimonials` DISABLE KEYS */;
/*!40000 ALTER TABLE `testimonials` ENABLE KEYS */;
UNLOCK TABLES;

--
-- Table structure for table `top_banners`
--

DROP TABLE IF EXISTS `top_banners`;
/*!40101 SET @saved_cs_client     = @@character_set_client */;
/*!40101 SET character_set_client = utf8 */;
CREATE TABLE `top_banners` (
  `id` int(10) unsigned NOT NULL AUTO_INCREMENT,
  `business` int(11) DEFAULT NULL,
  `created_at` timestamp NULL DEFAULT CURRENT_TIMESTAMP,
  `updated_at` timestamp NULL DEFAULT CURRENT_TIMESTAMP,
  PRIMARY KEY (`id`)
) ENGINE=InnoDB DEFAULT CHARSET=latin1;
/*!40101 SET character_set_client = @saved_cs_client */;

--
-- Dumping data for table `top_banners`
--

LOCK TABLES `top_banners` WRITE;
/*!40000 ALTER TABLE `top_banners` DISABLE KEYS */;
/*!40000 ALTER TABLE `top_banners` ENABLE KEYS */;
UNLOCK TABLES;

--
-- Table structure for table `upload_file`
--

DROP TABLE IF EXISTS `upload_file`;
/*!40101 SET @saved_cs_client     = @@character_set_client */;
/*!40101 SET character_set_client = utf8 */;
CREATE TABLE `upload_file` (
  `id` int(10) unsigned NOT NULL AUTO_INCREMENT,
  `name` varchar(255) NOT NULL,
  `alternativeText` varchar(255) DEFAULT NULL,
  `caption` varchar(255) DEFAULT NULL,
  `width` int(11) DEFAULT NULL,
  `height` int(11) DEFAULT NULL,
  `formats` longtext,
  `hash` varchar(255) NOT NULL,
  `ext` varchar(255) DEFAULT NULL,
  `mime` varchar(255) NOT NULL,
  `size` decimal(10,2) NOT NULL,
  `url` varchar(255) NOT NULL,
  `previewUrl` varchar(255) DEFAULT NULL,
  `provider` varchar(255) NOT NULL,
  `provider_metadata` longtext,
  `created_at` timestamp NULL DEFAULT CURRENT_TIMESTAMP,
  `updated_at` timestamp NULL DEFAULT CURRENT_TIMESTAMP,
  PRIMARY KEY (`id`)
) ENGINE=InnoDB AUTO_INCREMENT=114 DEFAULT CHARSET=latin1;
/*!40101 SET character_set_client = @saved_cs_client */;

--
-- Dumping data for table `upload_file`
--

LOCK TABLES `upload_file` WRITE;
/*!40000 ALTER TABLE `upload_file` DISABLE KEYS */;
INSERT INTO `upload_file` VALUES (59,'Mockup_e_commerce_2_electronic_store_checkout','','',1920,8568,'{\"thumbnail\":{\"hash\":\"thumbnail_Mockup_e_commerce_2_electronic_store_checkout_627663057e\",\"ext\":\".jpeg\",\"mime\":\"image/jpeg\",\"width\":35,\"height\":156,\"size\":2.27,\"path\":null,\"url\":\"/uploads/thumbnail_Mockup_e_commerce_2_electronic_store_checkout_627663057e.jpeg\"},\"large\":{\"hash\":\"large_Mockup_e_commerce_2_electronic_store_checkout_627663057e\",\"ext\":\".jpeg\",\"mime\":\"image/jpeg\",\"width\":224,\"height\":1000,\"size\":33.12,\"path\":null,\"url\":\"/uploads/large_Mockup_e_commerce_2_electronic_store_checkout_627663057e.jpeg\"},\"medium\":{\"hash\":\"medium_Mockup_e_commerce_2_electronic_store_checkout_627663057e\",\"ext\":\".jpeg\",\"mime\":\"image/jpeg\",\"width\":168,\"height\":750,\"size\":21.43,\"path\":null,\"url\":\"/uploads/medium_Mockup_e_commerce_2_electronic_store_checkout_627663057e.jpeg\"},\"small\":{\"hash\":\"small_Mockup_e_commerce_2_electronic_store_checkout_627663057e\",\"ext\":\".jpeg\",\"mime\":\"image/jpeg\",\"width\":112,\"height\":500,\"size\":11.57,\"path\":null,\"url\":\"/uploads/small_Mockup_e_commerce_2_electronic_store_checkout_627663057e.jpeg\"}}','Mockup_e_commerce_2_electronic_store_checkout_627663057e','.jpeg','image/jpeg',1016.40,'/uploads/Mockup_e_commerce_2_electronic_store_checkout_627663057e.jpeg',NULL,'local',NULL,'2020-09-25 08:02:05','2020-09-25 08:02:05'),(61,'Preview_e_commerce_2_electronic_store_checkout','','',615,339,'{\"thumbnail\":{\"hash\":\"thumbnail_Preview_e_commerce_2_electronic_store_checkout_b1907092d4\",\"ext\":\".png\",\"mime\":\"image/png\",\"width\":245,\"height\":135,\"size\":43.82,\"path\":null,\"url\":\"/uploads/thumbnail_Preview_e_commerce_2_electronic_store_checkout_b1907092d4.png\"},\"small\":{\"hash\":\"small_Preview_e_commerce_2_electronic_store_checkout_b1907092d4\",\"ext\":\".png\",\"mime\":\"image/png\",\"width\":500,\"height\":276,\"size\":169.33,\"path\":null,\"url\":\"/uploads/small_Preview_e_commerce_2_electronic_store_checkout_b1907092d4.png\"}}','Preview_e_commerce_2_electronic_store_checkout_b1907092d4','.png','image/png',233.49,'/uploads/Preview_e_commerce_2_electronic_store_checkout_b1907092d4.png',NULL,'local',NULL,'2020-09-25 08:05:41','2020-09-25 08:05:41'),(63,'predefined_blog_1','','',1600,1067,'{\"thumbnail\":{\"hash\":\"thumbnail_predefined_blog_1_d144e9d124\",\"ext\":\".jpeg\",\"mime\":\"image/jpeg\",\"width\":234,\"height\":156,\"size\":8.68,\"path\":null,\"url\":\"/uploads/thumbnail_predefined_blog_1_d144e9d124.jpeg\"},\"large\":{\"hash\":\"large_predefined_blog_1_d144e9d124\",\"ext\":\".jpeg\",\"mime\":\"image/jpeg\",\"width\":1000,\"height\":667,\"size\":69.25,\"path\":null,\"url\":\"/uploads/large_predefined_blog_1_d144e9d124.jpeg\"},\"medium\":{\"hash\":\"medium_predefined_blog_1_d144e9d124\",\"ext\":\".jpeg\",\"mime\":\"image/jpeg\",\"width\":750,\"height\":500,\"size\":45,\"path\":null,\"url\":\"/uploads/medium_predefined_blog_1_d144e9d124.jpeg\"},\"small\":{\"hash\":\"small_predefined_blog_1_d144e9d124\",\"ext\":\".jpeg\",\"mime\":\"image/jpeg\",\"width\":500,\"height\":333,\"size\":25.48,\"path\":null,\"url\":\"/uploads/small_predefined_blog_1_d144e9d124.jpeg\"}}','predefined_blog_1_d144e9d124','.jpeg','image/jpeg',128.18,'/uploads/predefined_blog_1_d144e9d124.jpeg',NULL,'local',NULL,'2020-10-08 01:38:15','2020-10-08 01:38:15'),(64,'predefined_blog_2','','',1600,1060,'{\"thumbnail\":{\"hash\":\"thumbnail_predefined_blog_2_c57f6aa86c\",\"ext\":\".jpeg\",\"mime\":\"image/jpeg\",\"width\":235,\"height\":156,\"size\":9.07,\"path\":null,\"url\":\"/uploads/thumbnail_predefined_blog_2_c57f6aa86c.jpeg\"},\"large\":{\"hash\":\"large_predefined_blog_2_c57f6aa86c\",\"ext\":\".jpeg\",\"mime\":\"image/jpeg\",\"width\":1000,\"height\":663,\"size\":117.89,\"path\":null,\"url\":\"/uploads/large_predefined_blog_2_c57f6aa86c.jpeg\"},\"medium\":{\"hash\":\"medium_predefined_blog_2_c57f6aa86c\",\"ext\":\".jpeg\",\"mime\":\"image/jpeg\",\"width\":750,\"height\":497,\"size\":67.42,\"path\":null,\"url\":\"/uploads/medium_predefined_blog_2_c57f6aa86c.jpeg\"},\"small\":{\"hash\":\"small_predefined_blog_2_c57f6aa86c\",\"ext\":\".jpeg\",\"mime\":\"image/jpeg\",\"width\":500,\"height\":331,\"size\":32.61,\"path\":null,\"url\":\"/uploads/small_predefined_blog_2_c57f6aa86c.jpeg\"}}','predefined_blog_2_c57f6aa86c','.jpeg','image/jpeg',294.30,'/uploads/predefined_blog_2_c57f6aa86c.jpeg',NULL,'local',NULL,'2020-10-08 01:48:39','2020-10-08 01:48:39'),(65,'predefined_blog_3','','',1600,1067,'{\"thumbnail\":{\"hash\":\"thumbnail_predefined_blog_3_a8b8f82cb2\",\"ext\":\".jpeg\",\"mime\":\"image/jpeg\",\"width\":234,\"height\":156,\"size\":7.17,\"path\":null,\"url\":\"/uploads/thumbnail_predefined_blog_3_a8b8f82cb2.jpeg\"},\"large\":{\"hash\":\"large_predefined_blog_3_a8b8f82cb2\",\"ext\":\".jpeg\",\"mime\":\"image/jpeg\",\"width\":1000,\"height\":667,\"size\":63.28,\"path\":null,\"url\":\"/uploads/large_predefined_blog_3_a8b8f82cb2.jpeg\"},\"medium\":{\"hash\":\"medium_predefined_blog_3_a8b8f82cb2\",\"ext\":\".jpeg\",\"mime\":\"image/jpeg\",\"width\":750,\"height\":500,\"size\":39.81,\"path\":null,\"url\":\"/uploads/medium_predefined_blog_3_a8b8f82cb2.jpeg\"},\"small\":{\"hash\":\"small_predefined_blog_3_a8b8f82cb2\",\"ext\":\".jpeg\",\"mime\":\"image/jpeg\",\"width\":500,\"height\":333,\"size\":21.73,\"path\":null,\"url\":\"/uploads/small_predefined_blog_3_a8b8f82cb2.jpeg\"}}','predefined_blog_3_a8b8f82cb2','.jpeg','image/jpeg',124.34,'/uploads/predefined_blog_3_a8b8f82cb2.jpeg',NULL,'local',NULL,'2020-10-08 01:51:16','2020-10-08 01:51:16'),(66,'predefined_blog_4','','',1600,1067,'{\"thumbnail\":{\"hash\":\"thumbnail_predefined_blog_4_72324f0e2d\",\"ext\":\".jpeg\",\"mime\":\"image/jpeg\",\"width\":234,\"height\":156,\"size\":7.73,\"path\":null,\"url\":\"/uploads/thumbnail_predefined_blog_4_72324f0e2d.jpeg\"},\"large\":{\"hash\":\"large_predefined_blog_4_72324f0e2d\",\"ext\":\".jpeg\",\"mime\":\"image/jpeg\",\"width\":1000,\"height\":667,\"size\":87.21,\"path\":null,\"url\":\"/uploads/large_predefined_blog_4_72324f0e2d.jpeg\"},\"medium\":{\"hash\":\"medium_predefined_blog_4_72324f0e2d\",\"ext\":\".jpeg\",\"mime\":\"image/jpeg\",\"width\":750,\"height\":500,\"size\":50.93,\"path\":null,\"url\":\"/uploads/medium_predefined_blog_4_72324f0e2d.jpeg\"},\"small\":{\"hash\":\"small_predefined_blog_4_72324f0e2d\",\"ext\":\".jpeg\",\"mime\":\"image/jpeg\",\"width\":500,\"height\":333,\"size\":26.27,\"path\":null,\"url\":\"/uploads/small_predefined_blog_4_72324f0e2d.jpeg\"}}','predefined_blog_4_72324f0e2d','.jpeg','image/jpeg',188.13,'/uploads/predefined_blog_4_72324f0e2d.jpeg',NULL,'local',NULL,'2020-10-08 01:54:38','2020-10-08 01:54:38'),(67,'predefined_blog_5','','',1600,1067,'{\"thumbnail\":{\"hash\":\"thumbnail_predefined_blog_5_887bc04066\",\"ext\":\".jpeg\",\"mime\":\"image/jpeg\",\"width\":234,\"height\":156,\"size\":11.1,\"path\":null,\"url\":\"/uploads/thumbnail_predefined_blog_5_887bc04066.jpeg\"},\"large\":{\"hash\":\"large_predefined_blog_5_887bc04066\",\"ext\":\".jpeg\",\"mime\":\"image/jpeg\",\"width\":1000,\"height\":667,\"size\":146.91,\"path\":null,\"url\":\"/uploads/large_predefined_blog_5_887bc04066.jpeg\"},\"medium\":{\"hash\":\"medium_predefined_blog_5_887bc04066\",\"ext\":\".jpeg\",\"mime\":\"image/jpeg\",\"width\":750,\"height\":500,\"size\":85.05,\"path\":null,\"url\":\"/uploads/medium_predefined_blog_5_887bc04066.jpeg\"},\"small\":{\"hash\":\"small_predefined_blog_5_887bc04066\",\"ext\":\".jpeg\",\"mime\":\"image/jpeg\",\"width\":500,\"height\":333,\"size\":42.01,\"path\":null,\"url\":\"/uploads/small_predefined_blog_5_887bc04066.jpeg\"}}','predefined_blog_5_887bc04066','.jpeg','image/jpeg',333.29,'/uploads/predefined_blog_5_887bc04066.jpeg',NULL,'local',NULL,'2020-10-08 02:02:05','2020-10-08 02:02:05'),(68,'predefined_blog_6','','',1600,1112,'{\"thumbnail\":{\"hash\":\"thumbnail_predefined_blog_6_6f64eb3e89\",\"ext\":\".jpeg\",\"mime\":\"image/jpeg\",\"width\":224,\"height\":156,\"size\":5.69,\"path\":null,\"url\":\"/uploads/thumbnail_predefined_blog_6_6f64eb3e89.jpeg\"},\"large\":{\"hash\":\"large_predefined_blog_6_6f64eb3e89\",\"ext\":\".jpeg\",\"mime\":\"image/jpeg\",\"width\":1000,\"height\":695,\"size\":114.01,\"path\":null,\"url\":\"/uploads/large_predefined_blog_6_6f64eb3e89.jpeg\"},\"medium\":{\"hash\":\"medium_predefined_blog_6_6f64eb3e89\",\"ext\":\".jpeg\",\"mime\":\"image/jpeg\",\"width\":750,\"height\":521,\"size\":58.17,\"path\":null,\"url\":\"/uploads/medium_predefined_blog_6_6f64eb3e89.jpeg\"},\"small\":{\"hash\":\"small_predefined_blog_6_6f64eb3e89\",\"ext\":\".jpeg\",\"mime\":\"image/jpeg\",\"width\":500,\"height\":348,\"size\":25.15,\"path\":null,\"url\":\"/uploads/small_predefined_blog_6_6f64eb3e89.jpeg\"}}','predefined_blog_6_6f64eb3e89','.jpeg','image/jpeg',293.59,'/uploads/predefined_blog_6_6f64eb3e89.jpeg',NULL,'local',NULL,'2020-10-08 02:04:36','2020-10-08 02:04:36'),(69,'predefined_blog_7','','',1600,1067,'{\"thumbnail\":{\"hash\":\"thumbnail_predefined_blog_7_4ac520f29a\",\"ext\":\".jpeg\",\"mime\":\"image/jpeg\",\"width\":234,\"height\":156,\"size\":9.51,\"path\":null,\"url\":\"/uploads/thumbnail_predefined_blog_7_4ac520f29a.jpeg\"},\"large\":{\"hash\":\"large_predefined_blog_7_4ac520f29a\",\"ext\":\".jpeg\",\"mime\":\"image/jpeg\",\"width\":1000,\"height\":667,\"size\":85.76,\"path\":null,\"url\":\"/uploads/large_predefined_blog_7_4ac520f29a.jpeg\"},\"medium\":{\"hash\":\"medium_predefined_blog_7_4ac520f29a\",\"ext\":\".jpeg\",\"mime\":\"image/jpeg\",\"width\":750,\"height\":500,\"size\":54.32,\"path\":null,\"url\":\"/uploads/medium_predefined_blog_7_4ac520f29a.jpeg\"},\"small\":{\"hash\":\"small_predefined_blog_7_4ac520f29a\",\"ext\":\".jpeg\",\"mime\":\"image/jpeg\",\"width\":500,\"height\":333,\"size\":29.5,\"path\":null,\"url\":\"/uploads/small_predefined_blog_7_4ac520f29a.jpeg\"}}','predefined_blog_7_4ac520f29a','.jpeg','image/jpeg',173.07,'/uploads/predefined_blog_7_4ac520f29a.jpeg',NULL,'local',NULL,'2020-10-08 02:06:39','2020-10-08 02:06:39'),(70,'predefined_blog_8','','',1600,1060,'{\"thumbnail\":{\"hash\":\"thumbnail_predefined_blog_8_9911dc2194\",\"ext\":\".jpeg\",\"mime\":\"image/jpeg\",\"width\":235,\"height\":156,\"size\":7.59,\"path\":null,\"url\":\"/uploads/thumbnail_predefined_blog_8_9911dc2194.jpeg\"},\"large\":{\"hash\":\"large_predefined_blog_8_9911dc2194\",\"ext\":\".jpeg\",\"mime\":\"image/jpeg\",\"width\":1000,\"height\":663,\"size\":89.71,\"path\":null,\"url\":\"/uploads/large_predefined_blog_8_9911dc2194.jpeg\"},\"medium\":{\"hash\":\"medium_predefined_blog_8_9911dc2194\",\"ext\":\".jpeg\",\"mime\":\"image/jpeg\",\"width\":750,\"height\":497,\"size\":51.54,\"path\":null,\"url\":\"/uploads/medium_predefined_blog_8_9911dc2194.jpeg\"},\"small\":{\"hash\":\"small_predefined_blog_8_9911dc2194\",\"ext\":\".jpeg\",\"mime\":\"image/jpeg\",\"width\":500,\"height\":331,\"size\":25.46,\"path\":null,\"url\":\"/uploads/small_predefined_blog_8_9911dc2194.jpeg\"}}','predefined_blog_8_9911dc2194','.jpeg','image/jpeg',216.44,'/uploads/predefined_blog_8_9911dc2194.jpeg',NULL,'local',NULL,'2020-10-08 02:08:44','2020-10-08 02:08:44'),(71,'predefined_blog_9','','',1600,1067,'{\"thumbnail\":{\"hash\":\"thumbnail_predefined_blog_9_102960abc7\",\"ext\":\".jpeg\",\"mime\":\"image/jpeg\",\"width\":234,\"height\":156,\"size\":6.53,\"path\":null,\"url\":\"/uploads/thumbnail_predefined_blog_9_102960abc7.jpeg\"},\"large\":{\"hash\":\"large_predefined_blog_9_102960abc7\",\"ext\":\".jpeg\",\"mime\":\"image/jpeg\",\"width\":1000,\"height\":667,\"size\":61.21,\"path\":null,\"url\":\"/uploads/large_predefined_blog_9_102960abc7.jpeg\"},\"medium\":{\"hash\":\"medium_predefined_blog_9_102960abc7\",\"ext\":\".jpeg\",\"mime\":\"image/jpeg\",\"width\":750,\"height\":500,\"size\":37.31,\"path\":null,\"url\":\"/uploads/medium_predefined_blog_9_102960abc7.jpeg\"},\"small\":{\"hash\":\"small_predefined_blog_9_102960abc7\",\"ext\":\".jpeg\",\"mime\":\"image/jpeg\",\"width\":500,\"height\":333,\"size\":20.08,\"path\":null,\"url\":\"/uploads/small_predefined_blog_9_102960abc7.jpeg\"}}','predefined_blog_9_102960abc7','.jpeg','image/jpeg',133.62,'/uploads/predefined_blog_9_102960abc7.jpeg',NULL,'local',NULL,'2020-10-08 02:10:44','2020-10-08 02:10:44'),(72,'27067151_2051463585129527_7230933375754429877_n',NULL,NULL,960,960,'{\"thumbnail\":{\"hash\":\"thumbnail_27067151_2051463585129527_7230933375754429877_n_52d28eb1ab\",\"ext\":\".jpeg\",\"mime\":\"image/jpeg\",\"width\":156,\"height\":156,\"size\":6.99,\"path\":null,\"url\":\"/uploads/thumbnail_27067151_2051463585129527_7230933375754429877_n_52d28eb1ab.jpeg\"},\"medium\":{\"hash\":\"medium_27067151_2051463585129527_7230933375754429877_n_52d28eb1ab\",\"ext\":\".jpeg\",\"mime\":\"image/jpeg\",\"width\":750,\"height\":750,\"size\":110.39,\"path\":null,\"url\":\"/uploads/medium_27067151_2051463585129527_7230933375754429877_n_52d28eb1ab.jpeg\"},\"small\":{\"hash\":\"small_27067151_2051463585129527_7230933375754429877_n_52d28eb1ab\",\"ext\":\".jpeg\",\"mime\":\"image/jpeg\",\"width\":500,\"height\":500,\"size\":54.09,\"path\":null,\"url\":\"/uploads/small_27067151_2051463585129527_7230933375754429877_n_52d28eb1ab.jpeg\"}}','27067151_2051463585129527_7230933375754429877_n_52d28eb1ab','.jpeg','image/jpeg',163.49,'/uploads/27067151_2051463585129527_7230933375754429877_n_52d28eb1ab.jpeg',NULL,'local',NULL,'2020-10-08 18:53:33','2020-10-08 18:53:33'),(73,'predefined_blog_1',NULL,NULL,1600,1067,'{\"thumbnail\":{\"hash\":\"thumbnail_predefined_blog_1_921e297e80\",\"ext\":\".jpeg\",\"mime\":\"image/jpeg\",\"width\":234,\"height\":156,\"size\":8.68,\"path\":null,\"url\":\"/uploads/thumbnail_predefined_blog_1_921e297e80.jpeg\"},\"large\":{\"hash\":\"large_predefined_blog_1_921e297e80\",\"ext\":\".jpeg\",\"mime\":\"image/jpeg\",\"width\":1000,\"height\":667,\"size\":69.25,\"path\":null,\"url\":\"/uploads/large_predefined_blog_1_921e297e80.jpeg\"},\"medium\":{\"hash\":\"medium_predefined_blog_1_921e297e80\",\"ext\":\".jpeg\",\"mime\":\"image/jpeg\",\"width\":750,\"height\":500,\"size\":45,\"path\":null,\"url\":\"/uploads/medium_predefined_blog_1_921e297e80.jpeg\"},\"small\":{\"hash\":\"small_predefined_blog_1_921e297e80\",\"ext\":\".jpeg\",\"mime\":\"image/jpeg\",\"width\":500,\"height\":333,\"size\":25.48,\"path\":null,\"url\":\"/uploads/small_predefined_blog_1_921e297e80.jpeg\"}}','predefined_blog_1_921e297e80','.jpeg','image/jpeg',128.18,'/uploads/predefined_blog_1_921e297e80.jpeg',NULL,'local',NULL,'2020-10-08 21:35:50','2020-10-08 21:35:50'),(74,'27164347_2052641078345111_4996152365019325820_o',NULL,NULL,1280,960,'{\"thumbnail\":{\"hash\":\"thumbnail_27164347_2052641078345111_4996152365019325820_o_eb3f1c4e2d\",\"ext\":\".jpeg\",\"mime\":\"image/jpeg\",\"width\":208,\"height\":156,\"size\":7.46,\"path\":null,\"url\":\"/uploads/thumbnail_27164347_2052641078345111_4996152365019325820_o_eb3f1c4e2d.jpeg\"},\"large\":{\"hash\":\"large_27164347_2052641078345111_4996152365019325820_o_eb3f1c4e2d\",\"ext\":\".jpeg\",\"mime\":\"image/jpeg\",\"width\":1000,\"height\":750,\"size\":83.87,\"path\":null,\"url\":\"/uploads/large_27164347_2052641078345111_4996152365019325820_o_eb3f1c4e2d.jpeg\"},\"medium\":{\"hash\":\"medium_27164347_2052641078345111_4996152365019325820_o_eb3f1c4e2d\",\"ext\":\".jpeg\",\"mime\":\"image/jpeg\",\"width\":750,\"height\":563,\"size\":54.09,\"path\":null,\"url\":\"/uploads/medium_27164347_2052641078345111_4996152365019325820_o_eb3f1c4e2d.jpeg\"},\"small\":{\"hash\":\"small_27164347_2052641078345111_4996152365019325820_o_eb3f1c4e2d\",\"ext\":\".jpeg\",\"mime\":\"image/jpeg\",\"width\":500,\"height\":375,\"size\":28.65,\"path\":null,\"url\":\"/uploads/small_27164347_2052641078345111_4996152365019325820_o_eb3f1c4e2d.jpeg\"}}','27164347_2052641078345111_4996152365019325820_o_eb3f1c4e2d','.jpeg','image/jpeg',114.03,'/uploads/27164347_2052641078345111_4996152365019325820_o_eb3f1c4e2d.jpeg',NULL,'local',NULL,'2020-10-08 21:38:07','2020-10-08 21:38:07'),(75,'27067151_2051463585129527_7230933375754429877_n',NULL,NULL,960,960,'{\"thumbnail\":{\"hash\":\"thumbnail_27067151_2051463585129527_7230933375754429877_n_f7bde0c10b\",\"ext\":\".jpeg\",\"mime\":\"image/jpeg\",\"width\":156,\"height\":156,\"size\":6.99,\"path\":null,\"url\":\"/uploads/thumbnail_27067151_2051463585129527_7230933375754429877_n_f7bde0c10b.jpeg\"},\"medium\":{\"hash\":\"medium_27067151_2051463585129527_7230933375754429877_n_f7bde0c10b\",\"ext\":\".jpeg\",\"mime\":\"image/jpeg\",\"width\":750,\"height\":750,\"size\":110.39,\"path\":null,\"url\":\"/uploads/medium_27067151_2051463585129527_7230933375754429877_n_f7bde0c10b.jpeg\"},\"small\":{\"hash\":\"small_27067151_2051463585129527_7230933375754429877_n_f7bde0c10b\",\"ext\":\".jpeg\",\"mime\":\"image/jpeg\",\"width\":500,\"height\":500,\"size\":54.09,\"path\":null,\"url\":\"/uploads/small_27067151_2051463585129527_7230933375754429877_n_f7bde0c10b.jpeg\"}}','27067151_2051463585129527_7230933375754429877_n_f7bde0c10b','.jpeg','image/jpeg',163.49,'/uploads/27067151_2051463585129527_7230933375754429877_n_f7bde0c10b.jpeg',NULL,'local',NULL,'2020-10-08 21:46:09','2020-10-08 21:46:09'),(76,'117524421_3301702309888181_7322838904517453600_n',NULL,NULL,736,733,'{\"thumbnail\":{\"hash\":\"thumbnail_117524421_3301702309888181_7322838904517453600_n_51050fe8dd\",\"ext\":\".jpeg\",\"mime\":\"image/jpeg\",\"width\":157,\"height\":156,\"size\":5.03,\"path\":null,\"url\":\"/uploads/thumbnail_117524421_3301702309888181_7322838904517453600_n_51050fe8dd.jpeg\"},\"small\":{\"hash\":\"small_117524421_3301702309888181_7322838904517453600_n_51050fe8dd\",\"ext\":\".jpeg\",\"mime\":\"image/jpeg\",\"width\":500,\"height\":498,\"size\":29.63,\"path\":null,\"url\":\"/uploads/small_117524421_3301702309888181_7322838904517453600_n_51050fe8dd.jpeg\"}}','117524421_3301702309888181_7322838904517453600_n_51050fe8dd','.jpeg','image/jpeg',30.40,'/uploads/117524421_3301702309888181_7322838904517453600_n_51050fe8dd.jpeg',NULL,'local',NULL,'2020-10-08 21:57:25','2020-10-08 21:57:25'),(77,'TechnFree','','',1920,2918,'{\"thumbnail\":{\"hash\":\"thumbnail_Techn_Free_208fafdc94\",\"ext\":\".jpeg\",\"mime\":\"image/jpeg\",\"width\":103,\"height\":156,\"size\":4.25,\"path\":null,\"url\":\"/uploads/thumbnail_Techn_Free_208fafdc94.jpeg\"},\"large\":{\"hash\":\"large_Techn_Free_208fafdc94\",\"ext\":\".jpeg\",\"mime\":\"image/jpeg\",\"width\":658,\"height\":1000,\"size\":73.37,\"path\":null,\"url\":\"/uploads/large_Techn_Free_208fafdc94.jpeg\"},\"medium\":{\"hash\":\"medium_Techn_Free_208fafdc94\",\"ext\":\".jpeg\",\"mime\":\"image/jpeg\",\"width\":493,\"height\":750,\"size\":47.02,\"path\":null,\"url\":\"/uploads/medium_Techn_Free_208fafdc94.jpeg\"},\"small\":{\"hash\":\"small_Techn_Free_208fafdc94\",\"ext\":\".jpeg\",\"mime\":\"image/jpeg\",\"width\":329,\"height\":500,\"size\":25.54,\"path\":null,\"url\":\"/uploads/small_Techn_Free_208fafdc94.jpeg\"}}','Techn_Free_208fafdc94','.jpeg','image/jpeg',352.33,'/uploads/Techn_Free_208fafdc94.jpeg',NULL,'local',NULL,'2020-10-09 02:20:25','2020-10-09 02:20:25'),(78,'image',NULL,NULL,498,99,'{\"thumbnail\":{\"hash\":\"thumbnail_image_f9880b5211\",\"ext\":\".png\",\"mime\":\"image/png\",\"width\":245,\"height\":49,\"size\":11.71,\"path\":null,\"url\":\"/uploads/thumbnail_image_f9880b5211.png\"}}','image_f9880b5211','.png','image/png',7.05,'/uploads/image_f9880b5211.png',NULL,'local',NULL,'2020-10-09 02:56:11','2020-10-09 02:56:11'),(79,'3985c8a6-ac86-4a32-994c-8eea66832c47',NULL,NULL,1080,607,'{\"thumbnail\":{\"hash\":\"thumbnail_3985c8a6_ac86_4a32_994c_8eea66832c47_925c9d46bd\",\"ext\":\".jpeg\",\"mime\":\"image/jpeg\",\"width\":245,\"height\":138,\"size\":13.66,\"path\":null,\"url\":\"/uploads/thumbnail_3985c8a6_ac86_4a32_994c_8eea66832c47_925c9d46bd.jpeg\"},\"large\":{\"hash\":\"large_3985c8a6_ac86_4a32_994c_8eea66832c47_925c9d46bd\",\"ext\":\".jpeg\",\"mime\":\"image/jpeg\",\"width\":1000,\"height\":562,\"size\":136.53,\"path\":null,\"url\":\"/uploads/large_3985c8a6_ac86_4a32_994c_8eea66832c47_925c9d46bd.jpeg\"},\"medium\":{\"hash\":\"medium_3985c8a6_ac86_4a32_994c_8eea66832c47_925c9d46bd\",\"ext\":\".jpeg\",\"mime\":\"image/jpeg\",\"width\":750,\"height\":422,\"size\":89.7,\"path\":null,\"url\":\"/uploads/medium_3985c8a6_ac86_4a32_994c_8eea66832c47_925c9d46bd.jpeg\"},\"small\":{\"hash\":\"small_3985c8a6_ac86_4a32_994c_8eea66832c47_925c9d46bd\",\"ext\":\".jpeg\",\"mime\":\"image/jpeg\",\"width\":500,\"height\":281,\"size\":46.59,\"path\":null,\"url\":\"/uploads/small_3985c8a6_ac86_4a32_994c_8eea66832c47_925c9d46bd.jpeg\"}}','3985c8a6_ac86_4a32_994c_8eea66832c47_925c9d46bd','.jpeg','image/jpeg',110.63,'/uploads/3985c8a6_ac86_4a32_994c_8eea66832c47_925c9d46bd.jpeg',NULL,'local',NULL,'2020-10-09 03:08:30','2020-10-09 03:08:30'),(80,'card','','',474,296,'{\"thumbnail\":{\"hash\":\"thumbnail_business_cards_2_21_e3e641e58b\",\"ext\":\".jpeg\",\"mime\":\"image/jpeg\",\"width\":245,\"height\":153,\"size\":2.05,\"path\":null,\"url\":\"/uploads/thumbnail_business_cards_2_21_e3e641e58b.jpeg\"}}','business_cards_2_21_e3e641e58b','.jpeg','image/jpeg',5.80,'/uploads/business_cards_2_21_e3e641e58b.jpeg',NULL,'local',NULL,'2020-10-13 23:55:23','2020-10-14 00:00:50'),(81,'business cards 2-21',NULL,NULL,474,296,'{\"thumbnail\":{\"hash\":\"thumbnail_business_cards_2_21_8f02516859\",\"ext\":\".jpeg\",\"mime\":\"image/jpeg\",\"width\":245,\"height\":153,\"size\":2.05,\"path\":null,\"url\":\"/uploads/thumbnail_business_cards_2_21_8f02516859.jpeg\"}}','business_cards_2_21_8f02516859','.jpeg','image/jpeg',5.80,'/uploads/business_cards_2_21_8f02516859.jpeg',NULL,'local',NULL,'2020-10-14 22:22:56','2020-10-14 22:22:56'),(82,'278b6cfa-4144-4e01-96d4-16f9de03d25b',NULL,NULL,1080,607,'{\"thumbnail\":{\"hash\":\"thumbnail_278b6cfa_4144_4e01_96d4_16f9de03d25b_8f49bb749b\",\"ext\":\".jpeg\",\"mime\":\"image/jpeg\",\"width\":245,\"height\":138,\"size\":7.78,\"path\":null,\"url\":\"/uploads/thumbnail_278b6cfa_4144_4e01_96d4_16f9de03d25b_8f49bb749b.jpeg\"},\"large\":{\"hash\":\"large_278b6cfa_4144_4e01_96d4_16f9de03d25b_8f49bb749b\",\"ext\":\".jpeg\",\"mime\":\"image/jpeg\",\"width\":1000,\"height\":562,\"size\":75.36,\"path\":null,\"url\":\"/uploads/large_278b6cfa_4144_4e01_96d4_16f9de03d25b_8f49bb749b.jpeg\"},\"medium\":{\"hash\":\"medium_278b6cfa_4144_4e01_96d4_16f9de03d25b_8f49bb749b\",\"ext\":\".jpeg\",\"mime\":\"image/jpeg\",\"width\":750,\"height\":422,\"size\":48.95,\"path\":null,\"url\":\"/uploads/medium_278b6cfa_4144_4e01_96d4_16f9de03d25b_8f49bb749b.jpeg\"},\"small\":{\"hash\":\"small_278b6cfa_4144_4e01_96d4_16f9de03d25b_8f49bb749b\",\"ext\":\".jpeg\",\"mime\":\"image/jpeg\",\"width\":500,\"height\":281,\"size\":25.34,\"path\":null,\"url\":\"/uploads/small_278b6cfa_4144_4e01_96d4_16f9de03d25b_8f49bb749b.jpeg\"}}','278b6cfa_4144_4e01_96d4_16f9de03d25b_8f49bb749b','.jpeg','image/jpeg',55.33,'/uploads/278b6cfa_4144_4e01_96d4_16f9de03d25b_8f49bb749b.jpeg',NULL,'local',NULL,'2020-10-14 22:22:56','2020-10-14 22:22:56'),(83,'predefined_blog_3',NULL,NULL,1600,1067,'{\"thumbnail\":{\"hash\":\"thumbnail_predefined_blog_3_ab3a7ca296\",\"ext\":\".jpeg\",\"mime\":\"image/jpeg\",\"width\":234,\"height\":156,\"size\":7.17,\"path\":null,\"url\":\"/uploads/thumbnail_predefined_blog_3_ab3a7ca296.jpeg\"},\"large\":{\"hash\":\"large_predefined_blog_3_ab3a7ca296\",\"ext\":\".jpeg\",\"mime\":\"image/jpeg\",\"width\":1000,\"height\":667,\"size\":63.28,\"path\":null,\"url\":\"/uploads/large_predefined_blog_3_ab3a7ca296.jpeg\"},\"medium\":{\"hash\":\"medium_predefined_blog_3_ab3a7ca296\",\"ext\":\".jpeg\",\"mime\":\"image/jpeg\",\"width\":750,\"height\":500,\"size\":39.81,\"path\":null,\"url\":\"/uploads/medium_predefined_blog_3_ab3a7ca296.jpeg\"},\"small\":{\"hash\":\"small_predefined_blog_3_ab3a7ca296\",\"ext\":\".jpeg\",\"mime\":\"image/jpeg\",\"width\":500,\"height\":333,\"size\":21.73,\"path\":null,\"url\":\"/uploads/small_predefined_blog_3_ab3a7ca296.jpeg\"}}','predefined_blog_3_ab3a7ca296','.jpeg','image/jpeg',124.34,'/uploads/predefined_blog_3_ab3a7ca296.jpeg',NULL,'local',NULL,'2020-10-20 21:42:35','2020-10-20 21:42:35'),(84,'predefined_blog_9',NULL,NULL,1600,1067,'{\"thumbnail\":{\"hash\":\"thumbnail_predefined_blog_9_cb9117b2a5\",\"ext\":\".jpeg\",\"mime\":\"image/jpeg\",\"width\":234,\"height\":156,\"size\":6.53,\"path\":null,\"url\":\"/uploads/thumbnail_predefined_blog_9_cb9117b2a5.jpeg\"},\"large\":{\"hash\":\"large_predefined_blog_9_cb9117b2a5\",\"ext\":\".jpeg\",\"mime\":\"image/jpeg\",\"width\":1000,\"height\":667,\"size\":61.21,\"path\":null,\"url\":\"/uploads/large_predefined_blog_9_cb9117b2a5.jpeg\"},\"medium\":{\"hash\":\"medium_predefined_blog_9_cb9117b2a5\",\"ext\":\".jpeg\",\"mime\":\"image/jpeg\",\"width\":750,\"height\":500,\"size\":37.31,\"path\":null,\"url\":\"/uploads/medium_predefined_blog_9_cb9117b2a5.jpeg\"},\"small\":{\"hash\":\"small_predefined_blog_9_cb9117b2a5\",\"ext\":\".jpeg\",\"mime\":\"image/jpeg\",\"width\":500,\"height\":333,\"size\":20.08,\"path\":null,\"url\":\"/uploads/small_predefined_blog_9_cb9117b2a5.jpeg\"}}','predefined_blog_9_cb9117b2a5','.jpeg','image/jpeg',133.62,'/uploads/predefined_blog_9_cb9117b2a5.jpeg',NULL,'local',NULL,'2020-10-20 23:04:42','2020-10-20 23:04:42'),(85,'predefined_blog_4',NULL,NULL,1600,1067,'{\"thumbnail\":{\"hash\":\"thumbnail_predefined_blog_4_8fe872cb34\",\"ext\":\".jpeg\",\"mime\":\"image/jpeg\",\"width\":234,\"height\":156,\"size\":7.73,\"path\":null,\"url\":\"/uploads/thumbnail_predefined_blog_4_8fe872cb34.jpeg\"},\"large\":{\"hash\":\"large_predefined_blog_4_8fe872cb34\",\"ext\":\".jpeg\",\"mime\":\"image/jpeg\",\"width\":1000,\"height\":667,\"size\":87.21,\"path\":null,\"url\":\"/uploads/large_predefined_blog_4_8fe872cb34.jpeg\"},\"medium\":{\"hash\":\"medium_predefined_blog_4_8fe872cb34\",\"ext\":\".jpeg\",\"mime\":\"image/jpeg\",\"width\":750,\"height\":500,\"size\":50.93,\"path\":null,\"url\":\"/uploads/medium_predefined_blog_4_8fe872cb34.jpeg\"},\"small\":{\"hash\":\"small_predefined_blog_4_8fe872cb34\",\"ext\":\".jpeg\",\"mime\":\"image/jpeg\",\"width\":500,\"height\":333,\"size\":26.27,\"path\":null,\"url\":\"/uploads/small_predefined_blog_4_8fe872cb34.jpeg\"}}','predefined_blog_4_8fe872cb34','.jpeg','image/jpeg',188.13,'/uploads/predefined_blog_4_8fe872cb34.jpeg',NULL,'local',NULL,'2020-10-20 23:25:54','2020-10-20 23:25:54'),(86,'predefined_blog_6',NULL,NULL,1600,1112,'{\"thumbnail\":{\"hash\":\"thumbnail_predefined_blog_6_4db5640c0d\",\"ext\":\".jpeg\",\"mime\":\"image/jpeg\",\"width\":224,\"height\":156,\"size\":5.69,\"path\":null,\"url\":\"/uploads/thumbnail_predefined_blog_6_4db5640c0d.jpeg\"},\"large\":{\"hash\":\"large_predefined_blog_6_4db5640c0d\",\"ext\":\".jpeg\",\"mime\":\"image/jpeg\",\"width\":1000,\"height\":695,\"size\":114.01,\"path\":null,\"url\":\"/uploads/large_predefined_blog_6_4db5640c0d.jpeg\"},\"medium\":{\"hash\":\"medium_predefined_blog_6_4db5640c0d\",\"ext\":\".jpeg\",\"mime\":\"image/jpeg\",\"width\":750,\"height\":521,\"size\":58.17,\"path\":null,\"url\":\"/uploads/medium_predefined_blog_6_4db5640c0d.jpeg\"},\"small\":{\"hash\":\"small_predefined_blog_6_4db5640c0d\",\"ext\":\".jpeg\",\"mime\":\"image/jpeg\",\"width\":500,\"height\":348,\"size\":25.15,\"path\":null,\"url\":\"/uploads/small_predefined_blog_6_4db5640c0d.jpeg\"}}','predefined_blog_6_4db5640c0d','.jpeg','image/jpeg',293.59,'/uploads/predefined_blog_6_4db5640c0d.jpeg',NULL,'local',NULL,'2020-10-21 01:28:50','2020-10-21 01:28:50'),(87,'predefined_blog_3',NULL,NULL,1600,1067,'{\"thumbnail\":{\"hash\":\"thumbnail_predefined_blog_3_7b1947217f\",\"ext\":\".jpeg\",\"mime\":\"image/jpeg\",\"width\":234,\"height\":156,\"size\":7.17,\"path\":null,\"url\":\"/uploads/thumbnail_predefined_blog_3_7b1947217f.jpeg\"},\"large\":{\"hash\":\"large_predefined_blog_3_7b1947217f\",\"ext\":\".jpeg\",\"mime\":\"image/jpeg\",\"width\":1000,\"height\":667,\"size\":63.28,\"path\":null,\"url\":\"/uploads/large_predefined_blog_3_7b1947217f.jpeg\"},\"medium\":{\"hash\":\"medium_predefined_blog_3_7b1947217f\",\"ext\":\".jpeg\",\"mime\":\"image/jpeg\",\"width\":750,\"height\":500,\"size\":39.81,\"path\":null,\"url\":\"/uploads/medium_predefined_blog_3_7b1947217f.jpeg\"},\"small\":{\"hash\":\"small_predefined_blog_3_7b1947217f\",\"ext\":\".jpeg\",\"mime\":\"image/jpeg\",\"width\":500,\"height\":333,\"size\":21.73,\"path\":null,\"url\":\"/uploads/small_predefined_blog_3_7b1947217f.jpeg\"}}','predefined_blog_3_7b1947217f','.jpeg','image/jpeg',124.34,'/uploads/predefined_blog_3_7b1947217f.jpeg',NULL,'local',NULL,'2020-10-21 02:19:53','2020-10-21 02:19:53'),(88,'predefined_blog_3',NULL,NULL,1600,1067,'{\"thumbnail\":{\"hash\":\"thumbnail_predefined_blog_3_e0c354da80\",\"ext\":\".jpeg\",\"mime\":\"image/jpeg\",\"width\":234,\"height\":156,\"size\":7.17,\"path\":null,\"url\":\"/uploads/thumbnail_predefined_blog_3_e0c354da80.jpeg\"},\"large\":{\"hash\":\"large_predefined_blog_3_e0c354da80\",\"ext\":\".jpeg\",\"mime\":\"image/jpeg\",\"width\":1000,\"height\":667,\"size\":63.28,\"path\":null,\"url\":\"/uploads/large_predefined_blog_3_e0c354da80.jpeg\"},\"medium\":{\"hash\":\"medium_predefined_blog_3_e0c354da80\",\"ext\":\".jpeg\",\"mime\":\"image/jpeg\",\"width\":750,\"height\":500,\"size\":39.81,\"path\":null,\"url\":\"/uploads/medium_predefined_blog_3_e0c354da80.jpeg\"},\"small\":{\"hash\":\"small_predefined_blog_3_e0c354da80\",\"ext\":\".jpeg\",\"mime\":\"image/jpeg\",\"width\":500,\"height\":333,\"size\":21.73,\"path\":null,\"url\":\"/uploads/small_predefined_blog_3_e0c354da80.jpeg\"}}','predefined_blog_3_e0c354da80','.jpeg','image/jpeg',124.34,'/uploads/predefined_blog_3_e0c354da80.jpeg',NULL,'local',NULL,'2020-10-21 02:21:21','2020-10-21 02:21:21'),(89,'predefined_blog_1',NULL,NULL,1600,1067,'{\"thumbnail\":{\"hash\":\"thumbnail_predefined_blog_1_614d0878ef\",\"ext\":\".jpeg\",\"mime\":\"image/jpeg\",\"width\":234,\"height\":156,\"size\":8.68,\"path\":null,\"url\":\"/uploads/thumbnail_predefined_blog_1_614d0878ef.jpeg\"},\"large\":{\"hash\":\"large_predefined_blog_1_614d0878ef\",\"ext\":\".jpeg\",\"mime\":\"image/jpeg\",\"width\":1000,\"height\":667,\"size\":69.25,\"path\":null,\"url\":\"/uploads/large_predefined_blog_1_614d0878ef.jpeg\"},\"medium\":{\"hash\":\"medium_predefined_blog_1_614d0878ef\",\"ext\":\".jpeg\",\"mime\":\"image/jpeg\",\"width\":750,\"height\":500,\"size\":45,\"path\":null,\"url\":\"/uploads/medium_predefined_blog_1_614d0878ef.jpeg\"},\"small\":{\"hash\":\"small_predefined_blog_1_614d0878ef\",\"ext\":\".jpeg\",\"mime\":\"image/jpeg\",\"width\":500,\"height\":333,\"size\":25.48,\"path\":null,\"url\":\"/uploads/small_predefined_blog_1_614d0878ef.jpeg\"}}','predefined_blog_1_614d0878ef','.jpeg','image/jpeg',128.18,'/uploads/predefined_blog_1_614d0878ef.jpeg',NULL,'local',NULL,'2020-10-21 02:21:28','2020-10-21 02:21:28'),(90,'predefined_blog_8',NULL,NULL,1600,1060,'{\"thumbnail\":{\"hash\":\"thumbnail_predefined_blog_8_5adda13b00\",\"ext\":\".jpeg\",\"mime\":\"image/jpeg\",\"width\":235,\"height\":156,\"size\":7.59,\"path\":null,\"url\":\"/uploads/thumbnail_predefined_blog_8_5adda13b00.jpeg\"},\"large\":{\"hash\":\"large_predefined_blog_8_5adda13b00\",\"ext\":\".jpeg\",\"mime\":\"image/jpeg\",\"width\":1000,\"height\":663,\"size\":89.71,\"path\":null,\"url\":\"/uploads/large_predefined_blog_8_5adda13b00.jpeg\"},\"medium\":{\"hash\":\"medium_predefined_blog_8_5adda13b00\",\"ext\":\".jpeg\",\"mime\":\"image/jpeg\",\"width\":750,\"height\":497,\"size\":51.54,\"path\":null,\"url\":\"/uploads/medium_predefined_blog_8_5adda13b00.jpeg\"},\"small\":{\"hash\":\"small_predefined_blog_8_5adda13b00\",\"ext\":\".jpeg\",\"mime\":\"image/jpeg\",\"width\":500,\"height\":331,\"size\":25.46,\"path\":null,\"url\":\"/uploads/small_predefined_blog_8_5adda13b00.jpeg\"}}','predefined_blog_8_5adda13b00','.jpeg','image/jpeg',216.44,'/uploads/predefined_blog_8_5adda13b00.jpeg',NULL,'local',NULL,'2020-10-21 02:22:03','2020-10-21 02:22:03'),(91,'predefined_blog_2',NULL,NULL,1600,1060,'{\"thumbnail\":{\"hash\":\"thumbnail_predefined_blog_2_73e160e46d\",\"ext\":\".jpeg\",\"mime\":\"image/jpeg\",\"width\":235,\"height\":156,\"size\":9.07,\"path\":null,\"url\":\"/uploads/thumbnail_predefined_blog_2_73e160e46d.jpeg\"},\"large\":{\"hash\":\"large_predefined_blog_2_73e160e46d\",\"ext\":\".jpeg\",\"mime\":\"image/jpeg\",\"width\":1000,\"height\":663,\"size\":117.89,\"path\":null,\"url\":\"/uploads/large_predefined_blog_2_73e160e46d.jpeg\"},\"medium\":{\"hash\":\"medium_predefined_blog_2_73e160e46d\",\"ext\":\".jpeg\",\"mime\":\"image/jpeg\",\"width\":750,\"height\":497,\"size\":67.42,\"path\":null,\"url\":\"/uploads/medium_predefined_blog_2_73e160e46d.jpeg\"},\"small\":{\"hash\":\"small_predefined_blog_2_73e160e46d\",\"ext\":\".jpeg\",\"mime\":\"image/jpeg\",\"width\":500,\"height\":331,\"size\":32.61,\"path\":null,\"url\":\"/uploads/small_predefined_blog_2_73e160e46d.jpeg\"}}','predefined_blog_2_73e160e46d','.jpeg','image/jpeg',294.30,'/uploads/predefined_blog_2_73e160e46d.jpeg',NULL,'local',NULL,'2020-10-21 02:26:39','2020-10-21 02:26:39'),(92,'2005f576-16e0-4a6d-98fd-ea918cb4c034',NULL,NULL,1068,1600,'{\"thumbnail\":{\"hash\":\"thumbnail_2005f576_16e0_4a6d_98fd_ea918cb4c034_58aeb9028c\",\"ext\":\".jpeg\",\"mime\":\"image/jpeg\",\"width\":104,\"height\":156,\"size\":2.28,\"path\":null,\"url\":\"/uploads/thumbnail_2005f576_16e0_4a6d_98fd_ea918cb4c034_58aeb9028c.jpeg\"},\"large\":{\"hash\":\"large_2005f576_16e0_4a6d_98fd_ea918cb4c034_58aeb9028c\",\"ext\":\".jpeg\",\"mime\":\"image/jpeg\",\"width\":668,\"height\":1000,\"size\":30.09,\"path\":null,\"url\":\"/uploads/large_2005f576_16e0_4a6d_98fd_ea918cb4c034_58aeb9028c.jpeg\"},\"medium\":{\"hash\":\"medium_2005f576_16e0_4a6d_98fd_ea918cb4c034_58aeb9028c\",\"ext\":\".jpeg\",\"mime\":\"image/jpeg\",\"width\":501,\"height\":750,\"size\":19.74,\"path\":null,\"url\":\"/uploads/medium_2005f576_16e0_4a6d_98fd_ea918cb4c034_58aeb9028c.jpeg\"},\"small\":{\"hash\":\"small_2005f576_16e0_4a6d_98fd_ea918cb4c034_58aeb9028c\",\"ext\":\".jpeg\",\"mime\":\"image/jpeg\",\"width\":334,\"height\":500,\"size\":10.86,\"path\":null,\"url\":\"/uploads/small_2005f576_16e0_4a6d_98fd_ea918cb4c034_58aeb9028c.jpeg\"}}','2005f576_16e0_4a6d_98fd_ea918cb4c034_58aeb9028c','.jpeg','image/jpeg',59.44,'/uploads/2005f576_16e0_4a6d_98fd_ea918cb4c034_58aeb9028c.jpeg',NULL,'local',NULL,'2020-10-21 02:30:52','2020-10-21 02:30:52'),(93,'f390b6da-82d1-414d-8f78-f44c432808a0',NULL,NULL,1600,1066,'{\"thumbnail\":{\"hash\":\"thumbnail_f390b6da_82d1_414d_8f78_f44c432808a0_3ce4f3a9df\",\"ext\":\".jpeg\",\"mime\":\"image/jpeg\",\"width\":234,\"height\":156,\"size\":5.2,\"path\":null,\"url\":\"/uploads/thumbnail_f390b6da_82d1_414d_8f78_f44c432808a0_3ce4f3a9df.jpeg\"},\"large\":{\"hash\":\"large_f390b6da_82d1_414d_8f78_f44c432808a0_3ce4f3a9df\",\"ext\":\".jpeg\",\"mime\":\"image/jpeg\",\"width\":1000,\"height\":666,\"size\":47.31,\"path\":null,\"url\":\"/uploads/large_f390b6da_82d1_414d_8f78_f44c432808a0_3ce4f3a9df.jpeg\"},\"medium\":{\"hash\":\"medium_f390b6da_82d1_414d_8f78_f44c432808a0_3ce4f3a9df\",\"ext\":\".jpeg\",\"mime\":\"image/jpeg\",\"width\":750,\"height\":500,\"size\":29.58,\"path\":null,\"url\":\"/uploads/medium_f390b6da_82d1_414d_8f78_f44c432808a0_3ce4f3a9df.jpeg\"},\"small\":{\"hash\":\"small_f390b6da_82d1_414d_8f78_f44c432808a0_3ce4f3a9df\",\"ext\":\".jpeg\",\"mime\":\"image/jpeg\",\"width\":500,\"height\":333,\"size\":16.01,\"path\":null,\"url\":\"/uploads/small_f390b6da_82d1_414d_8f78_f44c432808a0_3ce4f3a9df.jpeg\"}}','f390b6da_82d1_414d_8f78_f44c432808a0_3ce4f3a9df','.jpeg','image/jpeg',102.23,'/uploads/f390b6da_82d1_414d_8f78_f44c432808a0_3ce4f3a9df.jpeg',NULL,'local',NULL,'2020-10-21 02:30:52','2020-10-21 02:30:52'),(94,'9e739690-abf4-433a-a28e-e3e5f65b4e3f',NULL,NULL,1600,1066,'{\"thumbnail\":{\"hash\":\"thumbnail_9e739690_abf4_433a_a28e_e3e5f65b4e3f_0c498df416\",\"ext\":\".jpeg\",\"mime\":\"image/jpeg\",\"width\":234,\"height\":156,\"size\":3.92,\"path\":null,\"url\":\"/uploads/thumbnail_9e739690_abf4_433a_a28e_e3e5f65b4e3f_0c498df416.jpeg\"},\"large\":{\"hash\":\"large_9e739690_abf4_433a_a28e_e3e5f65b4e3f_0c498df416\",\"ext\":\".jpeg\",\"mime\":\"image/jpeg\",\"width\":1000,\"height\":666,\"size\":35.53,\"path\":null,\"url\":\"/uploads/large_9e739690_abf4_433a_a28e_e3e5f65b4e3f_0c498df416.jpeg\"},\"medium\":{\"hash\":\"medium_9e739690_abf4_433a_a28e_e3e5f65b4e3f_0c498df416\",\"ext\":\".jpeg\",\"mime\":\"image/jpeg\",\"width\":750,\"height\":500,\"size\":21.51,\"path\":null,\"url\":\"/uploads/medium_9e739690_abf4_433a_a28e_e3e5f65b4e3f_0c498df416.jpeg\"},\"small\":{\"hash\":\"small_9e739690_abf4_433a_a28e_e3e5f65b4e3f_0c498df416\",\"ext\":\".jpeg\",\"mime\":\"image/jpeg\",\"width\":500,\"height\":333,\"size\":12.22,\"path\":null,\"url\":\"/uploads/small_9e739690_abf4_433a_a28e_e3e5f65b4e3f_0c498df416.jpeg\"}}','9e739690_abf4_433a_a28e_e3e5f65b4e3f_0c498df416','.jpeg','image/jpeg',74.82,'/uploads/9e739690_abf4_433a_a28e_e3e5f65b4e3f_0c498df416.jpeg',NULL,'local',NULL,'2020-10-21 02:30:52','2020-10-21 02:30:52'),(95,'9e739690-abf4-433a-a28e-e3e5f65b4e3f',NULL,NULL,1600,1066,'{\"thumbnail\":{\"hash\":\"thumbnail_9e739690_abf4_433a_a28e_e3e5f65b4e3f_70a38e7715\",\"ext\":\".jpeg\",\"mime\":\"image/jpeg\",\"width\":234,\"height\":156,\"size\":3.92,\"path\":null,\"url\":\"/uploads/thumbnail_9e739690_abf4_433a_a28e_e3e5f65b4e3f_70a38e7715.jpeg\"},\"large\":{\"hash\":\"large_9e739690_abf4_433a_a28e_e3e5f65b4e3f_70a38e7715\",\"ext\":\".jpeg\",\"mime\":\"image/jpeg\",\"width\":1000,\"height\":666,\"size\":35.53,\"path\":null,\"url\":\"/uploads/large_9e739690_abf4_433a_a28e_e3e5f65b4e3f_70a38e7715.jpeg\"},\"medium\":{\"hash\":\"medium_9e739690_abf4_433a_a28e_e3e5f65b4e3f_70a38e7715\",\"ext\":\".jpeg\",\"mime\":\"image/jpeg\",\"width\":750,\"height\":500,\"size\":21.51,\"path\":null,\"url\":\"/uploads/medium_9e739690_abf4_433a_a28e_e3e5f65b4e3f_70a38e7715.jpeg\"},\"small\":{\"hash\":\"small_9e739690_abf4_433a_a28e_e3e5f65b4e3f_70a38e7715\",\"ext\":\".jpeg\",\"mime\":\"image/jpeg\",\"width\":500,\"height\":333,\"size\":12.22,\"path\":null,\"url\":\"/uploads/small_9e739690_abf4_433a_a28e_e3e5f65b4e3f_70a38e7715.jpeg\"}}','9e739690_abf4_433a_a28e_e3e5f65b4e3f_70a38e7715','.jpeg','image/jpeg',74.82,'/uploads/9e739690_abf4_433a_a28e_e3e5f65b4e3f_70a38e7715.jpeg',NULL,'local',NULL,'2020-10-21 02:31:26','2020-10-21 02:31:26'),(96,'1962c9ef-1a72-4ef1-8c68-ee122b9e7c94',NULL,NULL,1600,1066,'{\"thumbnail\":{\"hash\":\"thumbnail_1962c9ef_1a72_4ef1_8c68_ee122b9e7c94_fbe0ad6695\",\"ext\":\".jpeg\",\"mime\":\"image/jpeg\",\"width\":234,\"height\":156,\"size\":4.63,\"path\":null,\"url\":\"/uploads/thumbnail_1962c9ef_1a72_4ef1_8c68_ee122b9e7c94_fbe0ad6695.jpeg\"},\"large\":{\"hash\":\"large_1962c9ef_1a72_4ef1_8c68_ee122b9e7c94_fbe0ad6695\",\"ext\":\".jpeg\",\"mime\":\"image/jpeg\",\"width\":1000,\"height\":666,\"size\":50.84,\"path\":null,\"url\":\"/uploads/large_1962c9ef_1a72_4ef1_8c68_ee122b9e7c94_fbe0ad6695.jpeg\"},\"medium\":{\"hash\":\"medium_1962c9ef_1a72_4ef1_8c68_ee122b9e7c94_fbe0ad6695\",\"ext\":\".jpeg\",\"mime\":\"image/jpeg\",\"width\":750,\"height\":500,\"size\":29.58,\"path\":null,\"url\":\"/uploads/medium_1962c9ef_1a72_4ef1_8c68_ee122b9e7c94_fbe0ad6695.jpeg\"},\"small\":{\"hash\":\"small_1962c9ef_1a72_4ef1_8c68_ee122b9e7c94_fbe0ad6695\",\"ext\":\".jpeg\",\"mime\":\"image/jpeg\",\"width\":500,\"height\":333,\"size\":15.11,\"path\":null,\"url\":\"/uploads/small_1962c9ef_1a72_4ef1_8c68_ee122b9e7c94_fbe0ad6695.jpeg\"}}','1962c9ef_1a72_4ef1_8c68_ee122b9e7c94_fbe0ad6695','.jpeg','image/jpeg',126.05,'/uploads/1962c9ef_1a72_4ef1_8c68_ee122b9e7c94_fbe0ad6695.jpeg',NULL,'local',NULL,'2020-10-21 02:31:26','2020-10-21 02:31:26'),(97,'predefined_blog_9',NULL,NULL,1600,1067,'{\"thumbnail\":{\"hash\":\"thumbnail_predefined_blog_9_c1ccf9af29\",\"ext\":\".jpeg\",\"mime\":\"image/jpeg\",\"width\":234,\"height\":156,\"size\":6.53,\"path\":null,\"url\":\"/uploads/thumbnail_predefined_blog_9_c1ccf9af29.jpeg\"},\"large\":{\"hash\":\"large_predefined_blog_9_c1ccf9af29\",\"ext\":\".jpeg\",\"mime\":\"image/jpeg\",\"width\":1000,\"height\":667,\"size\":61.21,\"path\":null,\"url\":\"/uploads/large_predefined_blog_9_c1ccf9af29.jpeg\"},\"medium\":{\"hash\":\"medium_predefined_blog_9_c1ccf9af29\",\"ext\":\".jpeg\",\"mime\":\"image/jpeg\",\"width\":750,\"height\":500,\"size\":37.31,\"path\":null,\"url\":\"/uploads/medium_predefined_blog_9_c1ccf9af29.jpeg\"},\"small\":{\"hash\":\"small_predefined_blog_9_c1ccf9af29\",\"ext\":\".jpeg\",\"mime\":\"image/jpeg\",\"width\":500,\"height\":333,\"size\":20.08,\"path\":null,\"url\":\"/uploads/small_predefined_blog_9_c1ccf9af29.jpeg\"}}','predefined_blog_9_c1ccf9af29','.jpeg','image/jpeg',133.62,'/uploads/predefined_blog_9_c1ccf9af29.jpeg',NULL,'local',NULL,'2020-10-24 00:05:03','2020-10-24 00:05:03'),(98,'9e739690-abf4-433a-a28e-e3e5f65b4e3f',NULL,NULL,1600,1066,'{\"thumbnail\":{\"hash\":\"thumbnail_9e739690_abf4_433a_a28e_e3e5f65b4e3f_0bef2bfa45\",\"ext\":\".jpeg\",\"mime\":\"image/jpeg\",\"width\":234,\"height\":156,\"size\":3.92,\"path\":null,\"url\":\"/uploads/thumbnail_9e739690_abf4_433a_a28e_e3e5f65b4e3f_0bef2bfa45.jpeg\"},\"large\":{\"hash\":\"large_9e739690_abf4_433a_a28e_e3e5f65b4e3f_0bef2bfa45\",\"ext\":\".jpeg\",\"mime\":\"image/jpeg\",\"width\":1000,\"height\":666,\"size\":35.53,\"path\":null,\"url\":\"/uploads/large_9e739690_abf4_433a_a28e_e3e5f65b4e3f_0bef2bfa45.jpeg\"},\"medium\":{\"hash\":\"medium_9e739690_abf4_433a_a28e_e3e5f65b4e3f_0bef2bfa45\",\"ext\":\".jpeg\",\"mime\":\"image/jpeg\",\"width\":750,\"height\":500,\"size\":21.51,\"path\":null,\"url\":\"/uploads/medium_9e739690_abf4_433a_a28e_e3e5f65b4e3f_0bef2bfa45.jpeg\"},\"small\":{\"hash\":\"small_9e739690_abf4_433a_a28e_e3e5f65b4e3f_0bef2bfa45\",\"ext\":\".jpeg\",\"mime\":\"image/jpeg\",\"width\":500,\"height\":333,\"size\":12.22,\"path\":null,\"url\":\"/uploads/small_9e739690_abf4_433a_a28e_e3e5f65b4e3f_0bef2bfa45.jpeg\"}}','9e739690_abf4_433a_a28e_e3e5f65b4e3f_0bef2bfa45','.jpeg','image/jpeg',74.82,'/uploads/9e739690_abf4_433a_a28e_e3e5f65b4e3f_0bef2bfa45.jpeg',NULL,'local',NULL,'2020-10-24 00:07:17','2020-10-24 00:07:17'),(99,'f390b6da-82d1-414d-8f78-f44c432808a0',NULL,NULL,1600,1066,'{\"thumbnail\":{\"hash\":\"thumbnail_f390b6da_82d1_414d_8f78_f44c432808a0_416c2a3443\",\"ext\":\".jpeg\",\"mime\":\"image/jpeg\",\"width\":234,\"height\":156,\"size\":5.2,\"path\":null,\"url\":\"/uploads/thumbnail_f390b6da_82d1_414d_8f78_f44c432808a0_416c2a3443.jpeg\"},\"large\":{\"hash\":\"large_f390b6da_82d1_414d_8f78_f44c432808a0_416c2a3443\",\"ext\":\".jpeg\",\"mime\":\"image/jpeg\",\"width\":1000,\"height\":666,\"size\":47.31,\"path\":null,\"url\":\"/uploads/large_f390b6da_82d1_414d_8f78_f44c432808a0_416c2a3443.jpeg\"},\"medium\":{\"hash\":\"medium_f390b6da_82d1_414d_8f78_f44c432808a0_416c2a3443\",\"ext\":\".jpeg\",\"mime\":\"image/jpeg\",\"width\":750,\"height\":500,\"size\":29.58,\"path\":null,\"url\":\"/uploads/medium_f390b6da_82d1_414d_8f78_f44c432808a0_416c2a3443.jpeg\"},\"small\":{\"hash\":\"small_f390b6da_82d1_414d_8f78_f44c432808a0_416c2a3443\",\"ext\":\".jpeg\",\"mime\":\"image/jpeg\",\"width\":500,\"height\":333,\"size\":16.01,\"path\":null,\"url\":\"/uploads/small_f390b6da_82d1_414d_8f78_f44c432808a0_416c2a3443.jpeg\"}}','f390b6da_82d1_414d_8f78_f44c432808a0_416c2a3443','.jpeg','image/jpeg',102.23,'/uploads/f390b6da_82d1_414d_8f78_f44c432808a0_416c2a3443.jpeg',NULL,'local',NULL,'2020-10-24 00:07:17','2020-10-24 00:07:17'),(100,'predefined_blog_9',NULL,NULL,1600,1067,'{\"thumbnail\":{\"hash\":\"thumbnail_predefined_blog_9_49902ef540\",\"ext\":\".jpeg\",\"mime\":\"image/jpeg\",\"width\":234,\"height\":156,\"size\":6.53,\"path\":null,\"url\":\"/uploads/thumbnail_predefined_blog_9_49902ef540.jpeg\"},\"large\":{\"hash\":\"large_predefined_blog_9_49902ef540\",\"ext\":\".jpeg\",\"mime\":\"image/jpeg\",\"width\":1000,\"height\":667,\"size\":61.21,\"path\":null,\"url\":\"/uploads/large_predefined_blog_9_49902ef540.jpeg\"},\"medium\":{\"hash\":\"medium_predefined_blog_9_49902ef540\",\"ext\":\".jpeg\",\"mime\":\"image/jpeg\",\"width\":750,\"height\":500,\"size\":37.31,\"path\":null,\"url\":\"/uploads/medium_predefined_blog_9_49902ef540.jpeg\"},\"small\":{\"hash\":\"small_predefined_blog_9_49902ef540\",\"ext\":\".jpeg\",\"mime\":\"image/jpeg\",\"width\":500,\"height\":333,\"size\":20.08,\"path\":null,\"url\":\"/uploads/small_predefined_blog_9_49902ef540.jpeg\"}}','predefined_blog_9_49902ef540','.jpeg','image/jpeg',133.62,'/uploads/predefined_blog_9_49902ef540.jpeg',NULL,'local',NULL,'2020-10-24 00:07:51','2020-10-24 00:07:51'),(101,'predefined_blog_7',NULL,NULL,1600,1067,'{\"thumbnail\":{\"hash\":\"thumbnail_predefined_blog_7_6d8ac70dda\",\"ext\":\".jpeg\",\"mime\":\"image/jpeg\",\"width\":234,\"height\":156,\"size\":9.51,\"path\":null,\"url\":\"/uploads/thumbnail_predefined_blog_7_6d8ac70dda.jpeg\"},\"large\":{\"hash\":\"large_predefined_blog_7_6d8ac70dda\",\"ext\":\".jpeg\",\"mime\":\"image/jpeg\",\"width\":1000,\"height\":667,\"size\":85.76,\"path\":null,\"url\":\"/uploads/large_predefined_blog_7_6d8ac70dda.jpeg\"},\"medium\":{\"hash\":\"medium_predefined_blog_7_6d8ac70dda\",\"ext\":\".jpeg\",\"mime\":\"image/jpeg\",\"width\":750,\"height\":500,\"size\":54.32,\"path\":null,\"url\":\"/uploads/medium_predefined_blog_7_6d8ac70dda.jpeg\"},\"small\":{\"hash\":\"small_predefined_blog_7_6d8ac70dda\",\"ext\":\".jpeg\",\"mime\":\"image/jpeg\",\"width\":500,\"height\":333,\"size\":29.5,\"path\":null,\"url\":\"/uploads/small_predefined_blog_7_6d8ac70dda.jpeg\"}}','predefined_blog_7_6d8ac70dda','.jpeg','image/jpeg',173.07,'/uploads/predefined_blog_7_6d8ac70dda.jpeg',NULL,'local',NULL,'2020-10-24 00:07:51','2020-10-24 00:07:51'),(102,'predefined_blog_8',NULL,NULL,1600,1060,'{\"thumbnail\":{\"hash\":\"thumbnail_predefined_blog_8_5d6ba87007\",\"ext\":\".jpeg\",\"mime\":\"image/jpeg\",\"width\":235,\"height\":156,\"size\":7.59,\"path\":null,\"url\":\"/uploads/thumbnail_predefined_blog_8_5d6ba87007.jpeg\"},\"large\":{\"hash\":\"large_predefined_blog_8_5d6ba87007\",\"ext\":\".jpeg\",\"mime\":\"image/jpeg\",\"width\":1000,\"height\":663,\"size\":89.71,\"path\":null,\"url\":\"/uploads/large_predefined_blog_8_5d6ba87007.jpeg\"},\"medium\":{\"hash\":\"medium_predefined_blog_8_5d6ba87007\",\"ext\":\".jpeg\",\"mime\":\"image/jpeg\",\"width\":750,\"height\":497,\"size\":51.54,\"path\":null,\"url\":\"/uploads/medium_predefined_blog_8_5d6ba87007.jpeg\"},\"small\":{\"hash\":\"small_predefined_blog_8_5d6ba87007\",\"ext\":\".jpeg\",\"mime\":\"image/jpeg\",\"width\":500,\"height\":331,\"size\":25.46,\"path\":null,\"url\":\"/uploads/small_predefined_blog_8_5d6ba87007.jpeg\"}}','predefined_blog_8_5d6ba87007','.jpeg','image/jpeg',216.44,'/uploads/predefined_blog_8_5d6ba87007.jpeg',NULL,'local',NULL,'2020-10-24 00:07:51','2020-10-24 00:07:51'),(103,'predefined_blog_7',NULL,NULL,1600,1067,'{\"thumbnail\":{\"hash\":\"thumbnail_predefined_blog_7_0b3318aeef\",\"ext\":\".jpeg\",\"mime\":\"image/jpeg\",\"width\":234,\"height\":156,\"size\":9.51,\"path\":null,\"url\":\"/uploads/thumbnail_predefined_blog_7_0b3318aeef.jpeg\"},\"large\":{\"hash\":\"large_predefined_blog_7_0b3318aeef\",\"ext\":\".jpeg\",\"mime\":\"image/jpeg\",\"width\":1000,\"height\":667,\"size\":85.76,\"path\":null,\"url\":\"/uploads/large_predefined_blog_7_0b3318aeef.jpeg\"},\"medium\":{\"hash\":\"medium_predefined_blog_7_0b3318aeef\",\"ext\":\".jpeg\",\"mime\":\"image/jpeg\",\"width\":750,\"height\":500,\"size\":54.32,\"path\":null,\"url\":\"/uploads/medium_predefined_blog_7_0b3318aeef.jpeg\"},\"small\":{\"hash\":\"small_predefined_blog_7_0b3318aeef\",\"ext\":\".jpeg\",\"mime\":\"image/jpeg\",\"width\":500,\"height\":333,\"size\":29.5,\"path\":null,\"url\":\"/uploads/small_predefined_blog_7_0b3318aeef.jpeg\"}}','predefined_blog_7_0b3318aeef','.jpeg','image/jpeg',173.07,'/uploads/predefined_blog_7_0b3318aeef.jpeg',NULL,'local',NULL,'2020-10-24 00:08:20','2020-10-24 00:08:20'),(104,'predefined_blog_6',NULL,NULL,1600,1112,'{\"thumbnail\":{\"hash\":\"thumbnail_predefined_blog_6_615aa7c903\",\"ext\":\".jpeg\",\"mime\":\"image/jpeg\",\"width\":224,\"height\":156,\"size\":5.69,\"path\":null,\"url\":\"/uploads/thumbnail_predefined_blog_6_615aa7c903.jpeg\"},\"large\":{\"hash\":\"large_predefined_blog_6_615aa7c903\",\"ext\":\".jpeg\",\"mime\":\"image/jpeg\",\"width\":1000,\"height\":695,\"size\":114.01,\"path\":null,\"url\":\"/uploads/large_predefined_blog_6_615aa7c903.jpeg\"},\"medium\":{\"hash\":\"medium_predefined_blog_6_615aa7c903\",\"ext\":\".jpeg\",\"mime\":\"image/jpeg\",\"width\":750,\"height\":521,\"size\":58.17,\"path\":null,\"url\":\"/uploads/medium_predefined_blog_6_615aa7c903.jpeg\"},\"small\":{\"hash\":\"small_predefined_blog_6_615aa7c903\",\"ext\":\".jpeg\",\"mime\":\"image/jpeg\",\"width\":500,\"height\":348,\"size\":25.15,\"path\":null,\"url\":\"/uploads/small_predefined_blog_6_615aa7c903.jpeg\"}}','predefined_blog_6_615aa7c903','.jpeg','image/jpeg',293.59,'/uploads/predefined_blog_6_615aa7c903.jpeg',NULL,'local',NULL,'2020-10-24 00:08:20','2020-10-24 00:08:20'),(105,'predefined_blog_8',NULL,NULL,1600,1060,'{\"thumbnail\":{\"hash\":\"thumbnail_predefined_blog_8_b3e74677c8\",\"ext\":\".jpeg\",\"mime\":\"image/jpeg\",\"width\":235,\"height\":156,\"size\":7.59,\"path\":null,\"url\":\"/uploads/thumbnail_predefined_blog_8_b3e74677c8.jpeg\"},\"large\":{\"hash\":\"large_predefined_blog_8_b3e74677c8\",\"ext\":\".jpeg\",\"mime\":\"image/jpeg\",\"width\":1000,\"height\":663,\"size\":89.71,\"path\":null,\"url\":\"/uploads/large_predefined_blog_8_b3e74677c8.jpeg\"},\"medium\":{\"hash\":\"medium_predefined_blog_8_b3e74677c8\",\"ext\":\".jpeg\",\"mime\":\"image/jpeg\",\"width\":750,\"height\":497,\"size\":51.54,\"path\":null,\"url\":\"/uploads/medium_predefined_blog_8_b3e74677c8.jpeg\"},\"small\":{\"hash\":\"small_predefined_blog_8_b3e74677c8\",\"ext\":\".jpeg\",\"mime\":\"image/jpeg\",\"width\":500,\"height\":331,\"size\":25.46,\"path\":null,\"url\":\"/uploads/small_predefined_blog_8_b3e74677c8.jpeg\"}}','predefined_blog_8_b3e74677c8','.jpeg','image/jpeg',216.44,'/uploads/predefined_blog_8_b3e74677c8.jpeg',NULL,'local',NULL,'2020-10-24 00:08:20','2020-10-24 00:08:20'),(106,'predefined_blog_2',NULL,NULL,1600,1060,'{\"thumbnail\":{\"hash\":\"thumbnail_predefined_blog_2_9c09aa771b\",\"ext\":\".jpeg\",\"mime\":\"image/jpeg\",\"width\":235,\"height\":156,\"size\":9.07,\"path\":null,\"url\":\"/uploads/thumbnail_predefined_blog_2_9c09aa771b.jpeg\"},\"large\":{\"hash\":\"large_predefined_blog_2_9c09aa771b\",\"ext\":\".jpeg\",\"mime\":\"image/jpeg\",\"width\":1000,\"height\":663,\"size\":117.89,\"path\":null,\"url\":\"/uploads/large_predefined_blog_2_9c09aa771b.jpeg\"},\"medium\":{\"hash\":\"medium_predefined_blog_2_9c09aa771b\",\"ext\":\".jpeg\",\"mime\":\"image/jpeg\",\"width\":750,\"height\":497,\"size\":67.42,\"path\":null,\"url\":\"/uploads/medium_predefined_blog_2_9c09aa771b.jpeg\"},\"small\":{\"hash\":\"small_predefined_blog_2_9c09aa771b\",\"ext\":\".jpeg\",\"mime\":\"image/jpeg\",\"width\":500,\"height\":331,\"size\":32.61,\"path\":null,\"url\":\"/uploads/small_predefined_blog_2_9c09aa771b.jpeg\"}}','predefined_blog_2_9c09aa771b','.jpeg','image/jpeg',294.30,'/uploads/predefined_blog_2_9c09aa771b.jpeg',NULL,'local',NULL,'2020-10-24 00:09:38','2020-10-24 00:09:38'),(107,'predefined_blog_7',NULL,NULL,1600,1067,'{\"thumbnail\":{\"hash\":\"thumbnail_predefined_blog_7_32a86d429e\",\"ext\":\".jpeg\",\"mime\":\"image/jpeg\",\"width\":234,\"height\":156,\"size\":9.51,\"path\":null,\"url\":\"/uploads/thumbnail_predefined_blog_7_32a86d429e.jpeg\"},\"large\":{\"hash\":\"large_predefined_blog_7_32a86d429e\",\"ext\":\".jpeg\",\"mime\":\"image/jpeg\",\"width\":1000,\"height\":667,\"size\":85.76,\"path\":null,\"url\":\"/uploads/large_predefined_blog_7_32a86d429e.jpeg\"},\"medium\":{\"hash\":\"medium_predefined_blog_7_32a86d429e\",\"ext\":\".jpeg\",\"mime\":\"image/jpeg\",\"width\":750,\"height\":500,\"size\":54.32,\"path\":null,\"url\":\"/uploads/medium_predefined_blog_7_32a86d429e.jpeg\"},\"small\":{\"hash\":\"small_predefined_blog_7_32a86d429e\",\"ext\":\".jpeg\",\"mime\":\"image/jpeg\",\"width\":500,\"height\":333,\"size\":29.5,\"path\":null,\"url\":\"/uploads/small_predefined_blog_7_32a86d429e.jpeg\"}}','predefined_blog_7_32a86d429e','.jpeg','image/jpeg',173.07,'/uploads/predefined_blog_7_32a86d429e.jpeg',NULL,'local',NULL,'2020-10-24 00:11:09','2020-10-24 00:11:09'),(108,'logo_2',NULL,NULL,289,381,'{\"thumbnail\":{\"hash\":\"thumbnail_logo_2_11319a3edc\",\"ext\":\".png\",\"mime\":\"image/png\",\"width\":118,\"height\":156,\"size\":19.83,\"path\":null,\"url\":\"/uploads/thumbnail_logo_2_11319a3edc.png\"}}','logo_2_11319a3edc','.png','image/png',25.22,'/uploads/logo_2_11319a3edc.png',NULL,'local',NULL,'2020-10-24 00:13:54','2020-10-24 00:13:54'),(109,'predefined_blog_4',NULL,NULL,1600,1067,'{\"thumbnail\":{\"hash\":\"thumbnail_predefined_blog_4_ec1c1b4dfa\",\"ext\":\".jpeg\",\"mime\":\"image/jpeg\",\"width\":234,\"height\":156,\"size\":7.73,\"path\":null,\"url\":\"/uploads/thumbnail_predefined_blog_4_ec1c1b4dfa.jpeg\"},\"large\":{\"hash\":\"large_predefined_blog_4_ec1c1b4dfa\",\"ext\":\".jpeg\",\"mime\":\"image/jpeg\",\"width\":1000,\"height\":667,\"size\":87.21,\"path\":null,\"url\":\"/uploads/large_predefined_blog_4_ec1c1b4dfa.jpeg\"},\"medium\":{\"hash\":\"medium_predefined_blog_4_ec1c1b4dfa\",\"ext\":\".jpeg\",\"mime\":\"image/jpeg\",\"width\":750,\"height\":500,\"size\":50.93,\"path\":null,\"url\":\"/uploads/medium_predefined_blog_4_ec1c1b4dfa.jpeg\"},\"small\":{\"hash\":\"small_predefined_blog_4_ec1c1b4dfa\",\"ext\":\".jpeg\",\"mime\":\"image/jpeg\",\"width\":500,\"height\":333,\"size\":26.27,\"path\":null,\"url\":\"/uploads/small_predefined_blog_4_ec1c1b4dfa.jpeg\"}}','predefined_blog_4_ec1c1b4dfa','.jpeg','image/jpeg',188.13,'/uploads/predefined_blog_4_ec1c1b4dfa.jpeg',NULL,'local',NULL,'2020-10-24 00:17:51','2020-10-24 00:17:51'),(110,'predefined_blog_3',NULL,NULL,1600,1067,'{\"thumbnail\":{\"hash\":\"thumbnail_predefined_blog_3_efda0cdbf0\",\"ext\":\".jpeg\",\"mime\":\"image/jpeg\",\"width\":234,\"height\":156,\"size\":7.17,\"path\":null,\"url\":\"/uploads/thumbnail_predefined_blog_3_efda0cdbf0.jpeg\"},\"large\":{\"hash\":\"large_predefined_blog_3_efda0cdbf0\",\"ext\":\".jpeg\",\"mime\":\"image/jpeg\",\"width\":1000,\"height\":667,\"size\":63.28,\"path\":null,\"url\":\"/uploads/large_predefined_blog_3_efda0cdbf0.jpeg\"},\"medium\":{\"hash\":\"medium_predefined_blog_3_efda0cdbf0\",\"ext\":\".jpeg\",\"mime\":\"image/jpeg\",\"width\":750,\"height\":500,\"size\":39.81,\"path\":null,\"url\":\"/uploads/medium_predefined_blog_3_efda0cdbf0.jpeg\"},\"small\":{\"hash\":\"small_predefined_blog_3_efda0cdbf0\",\"ext\":\".jpeg\",\"mime\":\"image/jpeg\",\"width\":500,\"height\":333,\"size\":21.73,\"path\":null,\"url\":\"/uploads/small_predefined_blog_3_efda0cdbf0.jpeg\"}}','predefined_blog_3_efda0cdbf0','.jpeg','image/jpeg',124.34,'/uploads/predefined_blog_3_efda0cdbf0.jpeg',NULL,'local',NULL,'2020-10-24 00:17:58','2020-10-24 00:17:58'),(111,'predefined_blog_1',NULL,NULL,1600,1067,'{\"thumbnail\":{\"hash\":\"thumbnail_predefined_blog_1_5dc9333e13\",\"ext\":\".jpeg\",\"mime\":\"image/jpeg\",\"width\":234,\"height\":156,\"size\":8.68,\"path\":null,\"url\":\"/uploads/thumbnail_predefined_blog_1_5dc9333e13.jpeg\"},\"large\":{\"hash\":\"large_predefined_blog_1_5dc9333e13\",\"ext\":\".jpeg\",\"mime\":\"image/jpeg\",\"width\":1000,\"height\":667,\"size\":69.25,\"path\":null,\"url\":\"/uploads/large_predefined_blog_1_5dc9333e13.jpeg\"},\"medium\":{\"hash\":\"medium_predefined_blog_1_5dc9333e13\",\"ext\":\".jpeg\",\"mime\":\"image/jpeg\",\"width\":750,\"height\":500,\"size\":45,\"path\":null,\"url\":\"/uploads/medium_predefined_blog_1_5dc9333e13.jpeg\"},\"small\":{\"hash\":\"small_predefined_blog_1_5dc9333e13\",\"ext\":\".jpeg\",\"mime\":\"image/jpeg\",\"width\":500,\"height\":333,\"size\":25.48,\"path\":null,\"url\":\"/uploads/small_predefined_blog_1_5dc9333e13.jpeg\"}}','predefined_blog_1_5dc9333e13','.jpeg','image/jpeg',128.18,'/uploads/predefined_blog_1_5dc9333e13.jpeg',NULL,'local',NULL,'2020-10-24 00:18:04','2020-10-24 00:18:04'),(112,'predefined_blog_1',NULL,NULL,1600,1067,'{\"thumbnail\":{\"hash\":\"thumbnail_predefined_blog_1_cc404fcbb3\",\"ext\":\".jpeg\",\"mime\":\"image/jpeg\",\"width\":234,\"height\":156,\"size\":8.68,\"path\":null,\"url\":\"/uploads/thumbnail_predefined_blog_1_cc404fcbb3.jpeg\"},\"large\":{\"hash\":\"large_predefined_blog_1_cc404fcbb3\",\"ext\":\".jpeg\",\"mime\":\"image/jpeg\",\"width\":1000,\"height\":667,\"size\":69.25,\"path\":null,\"url\":\"/uploads/large_predefined_blog_1_cc404fcbb3.jpeg\"},\"medium\":{\"hash\":\"medium_predefined_blog_1_cc404fcbb3\",\"ext\":\".jpeg\",\"mime\":\"image/jpeg\",\"width\":750,\"height\":500,\"size\":45,\"path\":null,\"url\":\"/uploads/medium_predefined_blog_1_cc404fcbb3.jpeg\"},\"small\":{\"hash\":\"small_predefined_blog_1_cc404fcbb3\",\"ext\":\".jpeg\",\"mime\":\"image/jpeg\",\"width\":500,\"height\":333,\"size\":25.48,\"path\":null,\"url\":\"/uploads/small_predefined_blog_1_cc404fcbb3.jpeg\"}}','predefined_blog_1_cc404fcbb3','.jpeg','image/jpeg',128.18,'/uploads/predefined_blog_1_cc404fcbb3.jpeg',NULL,'local',NULL,'2020-10-24 00:18:24','2020-10-24 00:18:24'),(113,'predefined_blog_5',NULL,NULL,1600,1067,'{\"thumbnail\":{\"hash\":\"thumbnail_predefined_blog_5_35a9679bf6\",\"ext\":\".jpeg\",\"mime\":\"image/jpeg\",\"width\":234,\"height\":156,\"size\":11.1,\"path\":null,\"url\":\"/uploads/thumbnail_predefined_blog_5_35a9679bf6.jpeg\"},\"large\":{\"hash\":\"large_predefined_blog_5_35a9679bf6\",\"ext\":\".jpeg\",\"mime\":\"image/jpeg\",\"width\":1000,\"height\":667,\"size\":146.91,\"path\":null,\"url\":\"/uploads/large_predefined_blog_5_35a9679bf6.jpeg\"},\"medium\":{\"hash\":\"medium_predefined_blog_5_35a9679bf6\",\"ext\":\".jpeg\",\"mime\":\"image/jpeg\",\"width\":750,\"height\":500,\"size\":85.05,\"path\":null,\"url\":\"/uploads/medium_predefined_blog_5_35a9679bf6.jpeg\"},\"small\":{\"hash\":\"small_predefined_blog_5_35a9679bf6\",\"ext\":\".jpeg\",\"mime\":\"image/jpeg\",\"width\":500,\"height\":333,\"size\":42.01,\"path\":null,\"url\":\"/uploads/small_predefined_blog_5_35a9679bf6.jpeg\"}}','predefined_blog_5_35a9679bf6','.jpeg','image/jpeg',333.29,'/uploads/predefined_blog_5_35a9679bf6.jpeg',NULL,'local',NULL,'2020-10-24 00:18:41','2020-10-24 00:18:41');
/*!40000 ALTER TABLE `upload_file` ENABLE KEYS */;
UNLOCK TABLES;

--
-- Table structure for table `upload_file_morph`
--

DROP TABLE IF EXISTS `upload_file_morph`;
/*!40101 SET @saved_cs_client     = @@character_set_client */;
/*!40101 SET character_set_client = utf8 */;
CREATE TABLE `upload_file_morph` (
  `id` int(10) unsigned NOT NULL AUTO_INCREMENT,
  `upload_file_id` int(11) DEFAULT NULL,
  `related_id` int(11) DEFAULT NULL,
  `related_type` longtext,
  `field` longtext,
  `order` int(11) DEFAULT NULL,
  PRIMARY KEY (`id`)
) ENGINE=InnoDB AUTO_INCREMENT=331 DEFAULT CHARSET=latin1;
/*!40101 SET character_set_client = @saved_cs_client */;

--
-- Dumping data for table `upload_file_morph`
--

LOCK TABLES `upload_file_morph` WRITE;
/*!40000 ALTER TABLE `upload_file_morph` DISABLE KEYS */;
INSERT INTO `upload_file_morph` VALUES (248,63,1,'predefined_blogs','image',1),(249,64,2,'predefined_blogs','image',1),(250,65,3,'predefined_blogs','image',1),(251,66,4,'predefined_blogs','image',1),(252,67,5,'predefined_blogs','image',1),(253,68,6,'predefined_blogs','image',1),(254,69,7,'predefined_blogs','image',1),(255,70,8,'predefined_blogs','image',1),(256,71,9,'predefined_blogs','image',1),(278,61,14,'layouts','preview',1),(279,59,14,'layouts','mockup',1),(281,77,14,'layouts','Flyer',1),(287,72,1,'businesses','logo',1),(292,61,13,'layouts','preview',1),(293,59,13,'layouts','mockup',1),(294,80,13,'layouts','card',1),(295,77,13,'layouts','Flyer',1),(298,83,2,'products','photos',1),(299,84,1,'galeries','image',1),(300,63,1,'blogs','image',1),(301,85,2,'business_services','image',1),(302,86,2,'galeries','image',1),(303,87,3,'galeries','image',1),(305,89,5,'galeries','image',1),(306,90,4,'galeries','image',1),(308,92,3,'products','photos',1),(309,93,3,'products','photos',1),(310,94,3,'products','photos',1),(311,95,4,'products','photos',1),(312,96,4,'products','photos',1),(314,98,5,'products','photos',1),(315,99,5,'products','photos',1),(316,100,6,'products','photos',1),(317,101,6,'products','photos',1),(318,102,6,'products','photos',1),(319,103,7,'products','photos',1),(320,104,7,'products','photos',1),(321,105,7,'products','photos',1),(322,63,2,'blogs','image',1),(323,106,3,'blogs','image',1),(324,107,3,'business_services','image',1),(325,108,2,'businesses','logo',1),(326,109,6,'galeries','image',1),(327,110,7,'galeries','image',1),(328,111,8,'galeries','image',1),(330,113,10,'galeries','image',1);
/*!40000 ALTER TABLE `upload_file_morph` ENABLE KEYS */;
UNLOCK TABLES;

--
-- Table structure for table `users-permissions_permission`
--

DROP TABLE IF EXISTS `users-permissions_permission`;
/*!40101 SET @saved_cs_client     = @@character_set_client */;
/*!40101 SET character_set_client = utf8 */;
CREATE TABLE `users-permissions_permission` (
  `id` int(10) unsigned NOT NULL AUTO_INCREMENT,
  `type` varchar(255) NOT NULL,
  `controller` varchar(255) NOT NULL,
  `action` varchar(255) NOT NULL,
  `enabled` tinyint(1) NOT NULL,
  `policy` varchar(255) DEFAULT NULL,
  `role` int(11) DEFAULT NULL,
  PRIMARY KEY (`id`)
) ENGINE=InnoDB AUTO_INCREMENT=797 DEFAULT CHARSET=latin1;
/*!40101 SET character_set_client = @saved_cs_client */;

--
-- Dumping data for table `users-permissions_permission`
--

LOCK TABLES `users-permissions_permission` WRITE;
/*!40000 ALTER TABLE `users-permissions_permission` DISABLE KEYS */;
INSERT INTO `users-permissions_permission` VALUES (375,'application','allies','count',1,'',3),(376,'application','allies','count',1,'',4),(377,'application','allies','create',0,'',4),(378,'application','allies','delete',0,'',4),(379,'application','allies','find',1,'',4),(380,'application','allies','findone',1,'',4),(381,'application','allies','delete',0,'',3),(382,'application','allies','findone',1,'',3),(383,'application','allies','create',0,'',3),(384,'application','allies','find',1,'',3),(385,'application','allies','update',0,'',3),(386,'application','allies','update',0,'',4),(387,'application','article','count',1,'',3),(388,'application','article','count',1,'',4),(389,'application','article','create',0,'',3),(390,'application','article','create',0,'',4),(391,'application','article','delete',0,'',3),(392,'application','article','delete',0,'',4),(393,'application','article','find',1,'',3),(394,'application','article','find',1,'',4),(395,'application','article','findone',1,'',3),(396,'application','article','findone',1,'',4),(397,'application','article','update',0,'',3),(398,'application','article','update',0,'',4),(399,'application','blog','count',1,'',3),(400,'application','blog','count',1,'',4),(401,'application','blog','create',1,'',3),(402,'application','blog','create',0,'',4),(403,'application','blog','delete',1,'',3),(404,'application','blog','delete',0,'',4),(405,'application','blog','find',1,'',3),(406,'application','blog','find',1,'',4),(407,'application','blog','findone',1,'',3),(408,'application','blog','findone',1,'',4),(409,'application','blog','update',1,'',3),(410,'application','blog','update',0,'',4),(411,'application','business-services','count',1,'',3),(412,'application','business-services','count',1,'',4),(413,'application','business-services','create',1,'',3),(414,'application','business-services','create',0,'',4),(415,'application','business-services','delete',1,'',3),(416,'application','business-services','delete',0,'',4),(417,'application','business-services','find',1,'',3),(418,'application','business-services','find',1,'',4),(419,'application','business-services','findone',1,'',3),(420,'application','business-services','findone',1,'',4),(421,'application','business-services','update',1,'',3),(422,'application','business-services','update',0,'',4),(423,'application','business','count',1,'',3),(424,'application','business','count',1,'',4),(425,'application','business','create',1,'',3),(426,'application','business','create',0,'',4),(427,'application','business','delete',1,'',3),(428,'application','business','delete',0,'',4),(429,'application','business','find',1,'',3),(430,'application','business','find',1,'',4),(431,'application','business','findone',1,'',3),(432,'application','business','findone',1,'',4),(433,'application','business','update',1,'',3),(434,'application','business','update',0,'',4),(435,'application','category','count',1,'',3),(436,'application','category','count',1,'',4),(437,'application','category','create',0,'',3),(438,'application','category','create',0,'',4),(439,'application','category','delete',0,'',3),(440,'application','category','delete',0,'',4),(441,'application','category','find',1,'',3),(442,'application','category','find',1,'',4),(443,'application','category','findone',1,'',3),(444,'application','category','findone',1,'',4),(445,'application','category','update',0,'',3),(446,'application','category','update',0,'',4),(447,'application','config','count',1,'',3),(448,'application','config','count',1,'',4),(449,'application','config','create',0,'',3),(450,'application','config','create',0,'',4),(451,'application','config','delete',0,'',3),(452,'application','config','delete',0,'',4),(453,'application','config','find',1,'',3),(454,'application','config','find',1,'',4),(455,'application','config','findone',1,'',3),(456,'application','config','findone',1,'',4),(457,'application','config','update',0,'',3),(458,'application','config','update',0,'',4),(459,'application','layout','count',1,'',3),(460,'application','layout','count',1,'',4),(461,'application','layout','create',0,'',3),(462,'application','layout','create',0,'',4),(463,'application','layout','delete',0,'',3),(464,'application','layout','delete',0,'',4),(465,'application','layout','find',1,'',3),(466,'application','layout','find',1,'',4),(467,'application','layout','findone',1,'',3),(468,'application','layout','findone',1,'',4),(469,'application','layout','update',0,'',3),(470,'application','layout','update',0,'',4),(471,'application','product-category','count',1,'',3),(472,'application','product-category','count',1,'',4),(473,'application','product-category','create',0,'',3),(474,'application','product-category','create',0,'',4),(475,'application','product-category','delete',0,'',3),(476,'application','product-category','delete',0,'',4),(477,'application','product-category','find',1,'',3),(478,'application','product-category','find',1,'',4),(479,'application','product-category','findone',1,'',3),(480,'application','product-category','findone',1,'',4),(481,'application','product-category','update',0,'',3),(482,'application','product-category','update',0,'',4),(483,'application','product-subcategory','count',1,'',3),(484,'application','product-subcategory','count',1,'',4),(485,'application','product-subcategory','create',0,'',3),(486,'application','product-subcategory','create',0,'',4),(487,'application','product-subcategory','delete',0,'',3),(488,'application','product-subcategory','delete',0,'',4),(489,'application','product-subcategory','find',1,'',3),(490,'application','product-subcategory','find',1,'',4),(491,'application','product-subcategory','findone',1,'',3),(492,'application','product-subcategory','findone',1,'',4),(493,'application','product-subcategory','update',0,'',3),(494,'application','product-subcategory','update',0,'',4),(495,'application','product','count',1,'',3),(496,'application','product','count',1,'',4),(497,'application','product','create',1,'',3),(498,'application','product','create',0,'',4),(499,'application','product','delete',1,'',3),(500,'application','product','delete',0,'',4),(501,'application','product','find',1,'',3),(502,'application','product','find',1,'',4),(503,'application','product','findone',1,'',3),(504,'application','product','findone',1,'',4),(505,'application','product','update',1,'',3),(506,'application','product','update',0,'',4),(507,'application','subcategory','count',1,'',3),(508,'application','subcategory','count',1,'',4),(509,'application','subcategory','create',0,'',3),(510,'application','subcategory','create',0,'',4),(511,'application','subcategory','delete',0,'',3),(512,'application','subcategory','delete',0,'',4),(513,'application','subcategory','find',1,'',3),(514,'application','subcategory','find',1,'',4),(515,'application','subcategory','findone',1,'',3),(516,'application','subcategory','findone',1,'',4),(517,'application','subcategory','update',0,'',3),(518,'application','subcategory','update',0,'',4),(519,'application','subscribers','count',1,'',3),(520,'application','subscribers','count',1,'',4),(521,'application','subscribers','create',0,'',3),(522,'application','subscribers','create',0,'',4),(523,'application','subscribers','delete',0,'',3),(524,'application','subscribers','delete',0,'',4),(525,'application','subscribers','find',1,'',3),(526,'application','subscribers','find',1,'',4),(527,'application','subscribers','findone',1,'',3),(528,'application','subscribers','findone',1,'',4),(529,'application','subscribers','update',0,'',3),(530,'application','subscribers','update',0,'',4),(531,'application','testimonial','count',1,'',3),(532,'application','testimonial','count',1,'',4),(533,'application','testimonial','create',0,'',3),(534,'application','testimonial','create',0,'',4),(535,'application','testimonial','delete',0,'',3),(536,'application','testimonial','delete',0,'',4),(537,'application','testimonial','find',1,'',3),(538,'application','testimonial','find',1,'',4),(539,'application','testimonial','findone',1,'',3),(540,'application','testimonial','findone',1,'',4),(541,'application','testimonial','update',0,'',3),(542,'application','testimonial','update',0,'',4),(543,'application','top-banner','count',1,'',3),(544,'application','top-banner','count',1,'',4),(545,'application','top-banner','create',0,'',3),(546,'application','top-banner','create',0,'',4),(547,'application','top-banner','delete',0,'',3),(548,'application','top-banner','delete',0,'',4),(549,'application','top-banner','find',1,'',3),(550,'application','top-banner','find',1,'',4),(551,'application','top-banner','findone',1,'',3),(552,'application','top-banner','findone',1,'',4),(553,'application','top-banner','update',0,'',3),(554,'application','top-banner','update',0,'',4),(555,'content-manager','components','findcomponent',0,'',3),(556,'content-manager','components','findcomponent',0,'',4),(557,'content-manager','components','listcomponents',0,'',3),(558,'content-manager','components','listcomponents',0,'',4),(559,'content-manager','components','updatecomponent',0,'',3),(560,'content-manager','components','updatecomponent',0,'',4),(561,'content-manager','contentmanager','checkuidavailability',0,'',3),(562,'content-manager','contentmanager','checkuidavailability',0,'',4),(563,'content-manager','contentmanager','count',0,'',3),(564,'content-manager','contentmanager','count',0,'',4),(565,'content-manager','contentmanager','create',0,'',3),(566,'content-manager','contentmanager','create',0,'',4),(567,'content-manager','contentmanager','delete',0,'',3),(568,'content-manager','contentmanager','delete',0,'',4),(569,'content-manager','contentmanager','deletemany',0,'',3),(570,'content-manager','contentmanager','deletemany',0,'',4),(571,'content-manager','contentmanager','find',0,'',3),(572,'content-manager','contentmanager','find',0,'',4),(573,'content-manager','contentmanager','findone',0,'',3),(574,'content-manager','contentmanager','findone',0,'',4),(575,'content-manager','contentmanager','generateuid',0,'',3),(576,'content-manager','contentmanager','generateuid',0,'',4),(577,'content-manager','contentmanager','update',0,'',3),(578,'content-manager','contentmanager','update',0,'',4),(579,'content-manager','contenttypes','findcontenttype',0,'',3),(580,'content-manager','contenttypes','findcontenttype',0,'',4),(581,'content-manager','contenttypes','listcontenttypes',0,'',3),(582,'content-manager','contenttypes','listcontenttypes',0,'',4),(583,'content-manager','contenttypes','updatecontenttype',0,'',3),(584,'content-manager','contenttypes','updatecontenttype',0,'',4),(585,'content-type-builder','builder','getreservednames',0,'',3),(586,'content-type-builder','builder','getreservednames',0,'',4),(587,'content-type-builder','componentcategories','deletecategory',0,'',3),(588,'content-type-builder','componentcategories','deletecategory',0,'',4),(589,'content-type-builder','componentcategories','editcategory',0,'',3),(590,'content-type-builder','componentcategories','editcategory',0,'',4),(591,'content-type-builder','components','createcomponent',0,'',3),(592,'content-type-builder','components','createcomponent',0,'',4),(593,'content-type-builder','components','deletecomponent',0,'',3),(594,'content-type-builder','components','deletecomponent',0,'',4),(595,'content-type-builder','components','getcomponent',0,'',3),(596,'content-type-builder','components','getcomponent',0,'',4),(597,'content-type-builder','components','getcomponents',0,'',3),(598,'content-type-builder','components','getcomponents',0,'',4),(599,'content-type-builder','components','updatecomponent',0,'',3),(600,'content-type-builder','components','updatecomponent',0,'',4),(601,'content-type-builder','connections','getconnections',0,'',3),(602,'content-type-builder','connections','getconnections',0,'',4),(603,'content-type-builder','contenttypes','createcontenttype',0,'',3),(604,'content-type-builder','contenttypes','createcontenttype',0,'',4),(605,'content-type-builder','contenttypes','deletecontenttype',0,'',3),(606,'content-type-builder','contenttypes','deletecontenttype',0,'',4),(607,'content-type-builder','contenttypes','getcontenttype',0,'',3),(608,'content-type-builder','contenttypes','getcontenttype',0,'',4),(609,'content-type-builder','contenttypes','getcontenttypes',0,'',3),(610,'content-type-builder','contenttypes','getcontenttypes',0,'',4),(611,'content-type-builder','contenttypes','updatecontenttype',0,'',3),(612,'content-type-builder','contenttypes','updatecontenttype',0,'',4),(613,'documentation','documentation','deletedoc',0,'',3),(614,'documentation','documentation','deletedoc',0,'',4),(615,'documentation','documentation','getinfos',0,'',3),(616,'documentation','documentation','getinfos',0,'',4),(617,'documentation','documentation','index',0,'',3),(618,'documentation','documentation','index',0,'',4),(619,'documentation','documentation','login',0,'',3),(620,'documentation','documentation','login',0,'',4),(621,'documentation','documentation','loginview',0,'',3),(622,'documentation','documentation','loginview',0,'',4),(623,'documentation','documentation','regeneratedoc',0,'',3),(624,'documentation','documentation','regeneratedoc',0,'',4),(625,'documentation','documentation','updatesettings',0,'',3),(626,'documentation','documentation','updatesettings',0,'',4),(627,'email','email','send',0,'',3),(628,'email','email','send',0,'',4),(629,'upload','proxy','uploadproxy',0,'',3),(630,'upload','proxy','uploadproxy',0,'',4),(631,'upload','upload','count',0,'',3),(632,'upload','upload','count',0,'',4),(633,'upload','upload','destroy',0,'',3),(634,'upload','upload','destroy',0,'',4),(635,'upload','upload','find',0,'',3),(636,'upload','upload','find',0,'',4),(637,'upload','upload','findone',0,'',3),(638,'upload','upload','findone',0,'',4),(639,'upload','upload','getsettings',0,'',3),(640,'upload','upload','getsettings',0,'',4),(641,'upload','upload','search',0,'',3),(642,'upload','upload','search',0,'',4),(643,'upload','upload','updatesettings',0,'',3),(644,'upload','upload','updatesettings',0,'',4),(645,'upload','upload','upload',1,'',3),(646,'upload','upload','upload',0,'',4),(647,'users-permissions','auth','callback',0,'',3),(648,'users-permissions','auth','callback',1,'',4),(649,'users-permissions','auth','connect',1,'',3),(650,'users-permissions','auth','connect',1,'',4),(651,'users-permissions','auth','emailconfirmation',0,'',3),(652,'users-permissions','auth','emailconfirmation',1,'',4),(653,'users-permissions','auth','forgotpassword',0,'',3),(654,'users-permissions','auth','forgotpassword',1,'',4),(655,'users-permissions','auth','register',0,'',3),(656,'users-permissions','auth','register',1,'',4),(657,'users-permissions','auth','resetpassword',0,'',3),(658,'users-permissions','auth','resetpassword',0,'',4),(659,'users-permissions','auth','sendemailconfirmation',0,'',3),(660,'users-permissions','auth','sendemailconfirmation',0,'',4),(661,'users-permissions','user','count',0,'',3),(662,'users-permissions','user','count',0,'',4),(663,'users-permissions','user','create',0,'',3),(664,'users-permissions','user','create',0,'',4),(665,'users-permissions','user','destroy',0,'',3),(666,'users-permissions','user','destroy',0,'',4),(667,'users-permissions','user','destroyall',0,'',3),(668,'users-permissions','user','destroyall',0,'',4),(669,'users-permissions','user','find',1,'',3),(670,'users-permissions','user','find',0,'',4),(671,'users-permissions','user','findone',1,'',3),(672,'users-permissions','user','findone',1,'',4),(673,'users-permissions','user','me',1,'',3),(674,'users-permissions','user','me',1,'',4),(675,'users-permissions','user','update',1,'',3),(676,'users-permissions','user','update',0,'',4),(677,'users-permissions','userspermissions','createrole',0,'',3),(678,'users-permissions','userspermissions','createrole',0,'',4),(679,'users-permissions','userspermissions','deleteprovider',0,'',3),(680,'users-permissions','userspermissions','deleteprovider',0,'',4),(681,'users-permissions','userspermissions','deleterole',0,'',3),(682,'users-permissions','userspermissions','deleterole',0,'',4),(683,'users-permissions','userspermissions','getadvancedsettings',0,'',3),(684,'users-permissions','userspermissions','getadvancedsettings',0,'',4),(685,'users-permissions','userspermissions','getemailtemplate',0,'',3),(686,'users-permissions','userspermissions','getemailtemplate',0,'',4),(687,'users-permissions','userspermissions','getpermissions',0,'',3),(688,'users-permissions','userspermissions','getpermissions',0,'',4),(689,'users-permissions','userspermissions','getpolicies',0,'',3),(690,'users-permissions','userspermissions','getpolicies',0,'',4),(691,'users-permissions','userspermissions','getproviders',0,'',3),(692,'users-permissions','userspermissions','getproviders',0,'',4),(693,'users-permissions','userspermissions','getrole',0,'',3),(694,'users-permissions','userspermissions','getrole',0,'',4),(695,'users-permissions','userspermissions','getroles',0,'',3),(696,'users-permissions','userspermissions','getroles',0,'',4),(697,'users-permissions','userspermissions','getroutes',0,'',3),(698,'users-permissions','userspermissions','getroutes',0,'',4),(699,'users-permissions','userspermissions','index',0,'',3),(700,'users-permissions','userspermissions','index',0,'',4),(701,'users-permissions','userspermissions','init',1,'',3),(702,'users-permissions','userspermissions','init',1,'',4),(703,'users-permissions','userspermissions','searchusers',0,'',3),(704,'users-permissions','userspermissions','searchusers',0,'',4),(705,'users-permissions','userspermissions','updateadvancedsettings',0,'',3),(706,'users-permissions','userspermissions','updateadvancedsettings',0,'',4),(707,'users-permissions','userspermissions','updateemailtemplate',0,'',3),(708,'users-permissions','userspermissions','updateemailtemplate',0,'',4),(709,'users-permissions','userspermissions','updateproviders',0,'',3),(710,'users-permissions','userspermissions','updateproviders',0,'',4),(711,'users-permissions','userspermissions','updaterole',0,'',3),(712,'users-permissions','userspermissions','updaterole',0,'',4),(713,'application','order-item','count',1,'',3),(714,'application','order-item','count',1,'',4),(715,'application','order-item','create',1,'',3),(716,'application','order-item','create',0,'',4),(717,'application','order-item','delete',0,'',3),(718,'application','order-item','delete',0,'',4),(719,'application','order-item','find',1,'',3),(720,'application','order-item','find',1,'',4),(721,'application','order-item','findone',1,'',3),(722,'application','order-item','findone',1,'',4),(723,'application','order-item','update',0,'',3),(724,'application','order-item','update',0,'',4),(725,'application','order','count',1,'',3),(726,'application','order','count',1,'',4),(727,'application','order','create',1,'',3),(728,'application','order','create',0,'',4),(729,'application','order','delete',0,'',3),(730,'application','order','delete',0,'',4),(731,'application','order','find',1,'',3),(732,'application','order','find',1,'',4),(733,'application','order','findone',1,'',3),(734,'application','order','findone',1,'',4),(735,'application','order','update',0,'',3),(736,'application','order','update',0,'',4),(737,'application','galery','count',1,'',3),(738,'application','galery','count',1,'',4),(739,'application','galery','create',1,'',3),(740,'application','galery','create',0,'',4),(741,'application','galery','delete',1,'',3),(742,'application','galery','delete',0,'',4),(743,'application','galery','find',1,'',3),(744,'application','galery','find',1,'',4),(745,'application','galery','findone',1,'',3),(746,'application','galery','findone',1,'',4),(747,'application','galery','update',1,'',3),(748,'application','galery','update',0,'',4),(749,'application','tagline','count',1,'',3),(750,'application','tagline','count',1,'',4),(751,'application','tagline','create',0,'',3),(752,'application','tagline','create',0,'',4),(753,'application','tagline','delete',0,'',3),(754,'application','tagline','delete',0,'',4),(755,'application','tagline','find',1,'',3),(756,'application','tagline','find',1,'',4),(757,'application','tagline','findone',1,'',3),(758,'application','tagline','findone',1,'',4),(759,'application','tagline','update',0,'',3),(760,'application','tagline','update',0,'',4),(761,'application','predefined-blog','count',1,'',3),(762,'application','predefined-blog','count',1,'',4),(763,'application','predefined-blog','create',0,'',3),(764,'application','predefined-blog','create',0,'',4),(765,'application','predefined-blog','delete',0,'',3),(766,'application','predefined-blog','delete',0,'',4),(767,'application','predefined-blog','find',1,'',3),(768,'application','predefined-blog','find',1,'',4),(769,'application','predefined-blog','findone',1,'',3),(770,'application','predefined-blog','findone',1,'',4),(771,'application','predefined-blog','update',0,'',3),(772,'application','predefined-blog','update',0,'',4),(773,'application','messages','count',1,'',3),(774,'application','messages','count',0,'',4),(775,'application','messages','create',1,'',3),(776,'application','messages','create',1,'',4),(777,'application','messages','delete',1,'',3),(778,'application','messages','delete',0,'',4),(779,'application','messages','find',1,'',3),(780,'application','messages','find',0,'',4),(781,'application','messages','findone',1,'',3),(782,'application','messages','findone',0,'',4),(783,'application','messages','update',0,'',3),(784,'application','messages','update',0,'',4),(785,'application','coupon','count',0,'',3),(786,'application','coupon','count',0,'',4),(787,'application','coupon','create',0,'',3),(788,'application','coupon','create',0,'',4),(789,'application','coupon','delete',0,'',3),(790,'application','coupon','delete',0,'',4),(791,'application','coupon','find',0,'',3),(792,'application','coupon','find',0,'',4),(793,'application','coupon','findone',0,'',3),(794,'application','coupon','findone',0,'',4),(795,'application','coupon','update',0,'',3),(796,'application','coupon','update',0,'',4);
/*!40000 ALTER TABLE `users-permissions_permission` ENABLE KEYS */;
UNLOCK TABLES;

--
-- Table structure for table `users-permissions_role`
--

DROP TABLE IF EXISTS `users-permissions_role`;
/*!40101 SET @saved_cs_client     = @@character_set_client */;
/*!40101 SET character_set_client = utf8 */;
CREATE TABLE `users-permissions_role` (
  `id` int(10) unsigned NOT NULL AUTO_INCREMENT,
  `name` varchar(255) NOT NULL,
  `description` varchar(255) DEFAULT NULL,
  `type` varchar(255) DEFAULT NULL,
  PRIMARY KEY (`id`),
  UNIQUE KEY `users-permissions_role_type_unique` (`type`)
) ENGINE=InnoDB AUTO_INCREMENT=5 DEFAULT CHARSET=latin1;
/*!40101 SET character_set_client = @saved_cs_client */;

--
-- Dumping data for table `users-permissions_role`
--

LOCK TABLES `users-permissions_role` WRITE;
/*!40000 ALTER TABLE `users-permissions_role` DISABLE KEYS */;
INSERT INTO `users-permissions_role` VALUES (3,'Authenticated','Default role given to authenticated user.','authenticated'),(4,'Public','Default role given to unauthenticated user.','public');
/*!40000 ALTER TABLE `users-permissions_role` ENABLE KEYS */;
UNLOCK TABLES;

--
-- Table structure for table `users-permissions_user`
--

DROP TABLE IF EXISTS `users-permissions_user`;
/*!40101 SET @saved_cs_client     = @@character_set_client */;
/*!40101 SET character_set_client = utf8 */;
CREATE TABLE `users-permissions_user` (
  `id` int(10) unsigned NOT NULL AUTO_INCREMENT,
  `username` varchar(255) NOT NULL,
  `email` varchar(255) NOT NULL,
  `provider` varchar(255) DEFAULT NULL,
  `password` varchar(255) DEFAULT NULL,
  `resetPasswordToken` varchar(255) DEFAULT NULL,
  `confirmed` tinyint(1) DEFAULT NULL,
  `blocked` tinyint(1) DEFAULT NULL,
  `role` int(11) DEFAULT NULL,
  `created_at` timestamp NULL DEFAULT CURRENT_TIMESTAMP,
  `updated_at` timestamp NULL DEFAULT CURRENT_TIMESTAMP,
  `name` varchar(255) DEFAULT NULL,
  `lastname` varchar(255) DEFAULT NULL,
  `business` int(11) DEFAULT NULL,
  `phone` varchar(255) DEFAULT NULL,
  `fullname` varchar(255) DEFAULT NULL,
  `address` varchar(255) DEFAULT NULL,
  `city` varchar(255) DEFAULT NULL,
  `state` varchar(255) DEFAULT NULL,
  `zip` int(11) DEFAULT NULL,
  `country` varchar(255) DEFAULT NULL,
  `layout` int(11) DEFAULT NULL,
  PRIMARY KEY (`id`),
  UNIQUE KEY `users-permissions_user_username_unique` (`username`)
) ENGINE=InnoDB AUTO_INCREMENT=3 DEFAULT CHARSET=latin1;
/*!40101 SET character_set_client = @saved_cs_client */;

--
-- Dumping data for table `users-permissions_user`
--

LOCK TABLES `users-permissions_user` WRITE;
/*!40000 ALTER TABLE `users-permissions_user` DISABLE KEYS */;
INSERT INTO `users-permissions_user` VALUES (1,'jahen222','henryjaimes.peli@gmail.com','local','$2a$10$Gs4jxMWRMv.6B8dfBYA5t.kkm5oTyzjE.xUJ/sk7.jmVATMf9JbmC',NULL,1,NULL,3,'2020-10-08 18:53:33','2020-10-10 00:45:37',NULL,NULL,1,'04127738975',NULL,NULL,NULL,NULL,NULL,NULL,13),(2,'04127738975','henryjaimes.peli2@gmail.com','local','$2a$10$ULeN182x0W9dts2eXguiFOgbOzHXacYdjGEbmGsg9bPbVRJ5WXENq',NULL,1,NULL,3,'2020-10-24 00:05:03','2020-10-24 00:05:03',NULL,NULL,2,'04127738975',NULL,NULL,NULL,NULL,NULL,NULL,13);
/*!40000 ALTER TABLE `users-permissions_user` ENABLE KEYS */;
UNLOCK TABLES;
/*!40103 SET TIME_ZONE=@OLD_TIME_ZONE */;

/*!40101 SET SQL_MODE=@OLD_SQL_MODE */;
/*!40014 SET FOREIGN_KEY_CHECKS=@OLD_FOREIGN_KEY_CHECKS */;
/*!40014 SET UNIQUE_CHECKS=@OLD_UNIQUE_CHECKS */;
/*!40101 SET CHARACTER_SET_CLIENT=@OLD_CHARACTER_SET_CLIENT */;
/*!40101 SET CHARACTER_SET_RESULTS=@OLD_CHARACTER_SET_RESULTS */;
/*!40101 SET COLLATION_CONNECTION=@OLD_COLLATION_CONNECTION */;
/*!40111 SET SQL_NOTES=@OLD_SQL_NOTES */;

-- Dump completed on 2020-10-28 12:24:36
